espn_id,name,position,rookie_season,draft_year,draft_round,draft_pick
4429202,Israel Abanikanda,RB,2023,2023,5,143
2576467,Mehdi Abdesmad,DE,2016,,,
2576336,Ameer Abdullah,RB,2015,2015,2,54
4360807,Yasir Abdullah,LB,2023,2023,5,136
3915373,Micah Abernathy,DB,2022,,,
5093004,Keith Abney II,CB,2026,2026,5,157
4427563,Micah Abraham,DB,2024,2024,6,201
3728305,Johnathan Abram,DB,2019,2019,1,27
4360643,Delrick Abrams,DB,2020,,,
4429193,Kris Abrams-Draine,CB,2024,2024,5,145
4429160,De'Von Achane,RB,2023,2023,3,84
4431152,Jackson Acker,RB,2026,,,
4035103,DeMarkus Acy,CB,2020,,,
2576599,Andrew Adams,DB,2016,,,
3042773,Keion Adams,LB,2017,2017,7,248
5084939,Isaiah Adams,G,2024,2024,3,71
3115373,Jamal Adams,LB,2017,2017,1,6
2978727,Jerell Adams,TE,2016,2016,6,184
3932420,Josh Adams,RB,2018,,,
3126179,Matthew Adams,OLB,2018,2018,7,221
3051894,Montravius Adams,DT,2017,2017,3,93
4039164,Myles Adams,DT,2020,,,
3122099,Paul Adams,OT,2019,,,
3059918,Rodney Adams,WR,2017,2017,5,170
3116734,Tony Adams,G,2018,,,
4240532,Tony Adams,SAF,2022,,,
3886808,Trey Adams,OT,2020,,,
3895228,Tyrell Adams,LB,2015,,,
3912028,Nasir Adderley,FS,2019,2019,2,60
4034729,Tucker Addington,LS,2022,,,
2971271,Bralon Addison,WR,2016,,,
4429205,Jordan Addison,WR,2023,2023,1,23
4427635,Adetomiwa Adebawore,DT,2023,2023,4,110
4242547,Paulson Adebo,CB,2021,2021,3,76
3051869,Quincy Adeboyejo,WR,2017,,,
4046557,Hakeem Adeniji,OT,2020,2020,6,180
3126081,Ola Adeniyi,OLB,2018,,,
3910148,Aaron Adeoye,LB,2019,,,
2515836,Jude Adjei-Barimah,CB,2015,,,
4383440,Nate Adkins,TE,2023,,,
4240719,Cal Adomitis,LS,2022,,,
3119152,Pat Afriyie,DE,2018,,,
2971618,Nelson Agholor,WR,2015,2015,1,20
4035566,McTelvin Agim,DT,2020,2020,3,95
3061612,Jamal Agnew,WR,2017,2017,5,165
5144941,David Agoha,DE,2023,,,
2978887,Roberto Aguayo,K,2016,2016,2,59
4591235,Mitchell Agude,LB,2023,,,
2982809,Carlton Agudosi,WR,2017,,,
5151948,Joey Aguilar,QB,2026,,,
4360131,Holton Ahlers,QB,2023,,,
4266790,Ramiz Ahmed,K,2022,,,
4243315,Salvon Ahmed,RB,2020,,,
4689551,Junior Aho,DT,2023,,,
4360438,Brandon Aiyuk,WR,2020,2020,1,25
2573300,Jay Ajayi,RB,2015,2015,5,149
4374171,Austin Ajiake,LB,2023,,,
4240021,Cam Akers,RB,2020,2020,2,52
4035554,Landen Akers,WR,2021,,,
4683450,Tommy Akingbesote,DT,2025,2025,7,247
4035835,Alex Akingbulu,OT,2022,,,
3116082,Freedom Akinmoladun,DE,2019,,,
3139626,Curtis Akins,LB,2019,,,
3128452,Jordan Akins,TE,2018,2018,3,98
2574087,Derek Akunne,LB,2015,,,
3919117,Azeez Al-Shaair,LB,2019,,,
3122141,Otaro Alaka,LB,2019,,,
4686629,Isaac Alarcon,OT,2020,,,
2978064,Bryson Albright,LB,2016,,,
3871875,Adonis Alexander,DB,2018,,,
4426542,Darius Alexander,DT,2025,2025,3,65
4055563,Deontez Alexander,WR,2018,,,
3052651,Dominique Alexander,ILB,2016,,,
3001171,D.J. Alexander,LB,2015,2015,5,172
3895429,Jaire Alexander,CB,2018,2018,1,18
3045120,Mackensie Alexander,CB,2016,2016,2,54
3914307,Maurice Alexander,WR,2022,,,
2976541,Kwon Alexander,MLB,2015,2015,4,124
2976556,Vadal Alexander,OT,2016,2016,7,234
4240728,Deslin Alexandre,DL,2023,,,
3117242,Joey Alfieri,LB,2019,,,
4401823,Dee Alford,CB,2022,,,
3052686,Mario Alford,WR,2015,2015,7,238
4259976,Josh Ali,WR,2022,,,
4690013,Rasheen Ali,RB,2024,2024,5,165
2469470,Ricky Ali'ifua,DE,2018,,,
2998565,Mo Alie-Cox,TE,2017,,,
4427834,Erick All,TE,2024,2024,4,115
4714771,Drew Allar,QB,2026,2026,3,76
3115922,Nick Allegretti,G,2019,2019,7,216
4240787,Austin Allen,TE,2022,,,
4685247,Braelon Allen,RB,2024,2024,4,134
2574511,Brandon Allen,QB,2016,2016,6,201
4365380,Brevin Allen,LB,2023,,,
2971632,Brian Allen,CB,2017,2017,5,173
3134666,Brian Allen,C,2018,2018,4,111
4696117,Carlos Allen Jr.,DT,2026,,,
2975680,Chase Allen,OLB,2017,,,
4035526,Chase Allen,TE,2022,,,
4870598,CJ Allen,LB,2026,2026,2,53
4241446,Christopher Allen,LB,2022,,,
4912218,Cyrus Allen,WR,2026,2026,5,176
3139453,Dakota Allen,LB,2019,2019,7,251
4426553,Davis Allen,TE,2023,2023,5,175
3046392,Dejon Allen,OT,2018,,,
3052083,Devon Allen,WR,2022,,,
2576254,Jack Allen,C,2016,,,
2577253,Javorius Allen,RB,2015,2015,4,125
3054840,Jonathan Allen,DE,2017,2017,1,17
3918298,Josh Allen,QB,2018,2018,1,7
4685246,Kaytron Allen,RB,2026,2026,6,187
4367180,Kazmeir Allen,WR,2023,,,
3115293,Kyle Allen,QB,2018,,,
4911851,LeQuint Allen Jr.,RB,2025,2025,7,236
3116149,Marcus Allen,LB,2018,2018,5,148
5081412,Marcus Allen,DB,2026,,,
3915282,Zach Allen,DE,2019,2019,3,65
4373626,Tyler Allgeier,RB,2022,2022,5,151
3115913,Geronimo Allison,WR,2016,,,
4683487,Joe Alt,OT,2024,2024,1,5
4597679,Luke Altmyer,QB,2026,,,
3911982,Auzoyah Alufohai,DT,2020,,,
3886834,Ugo Amadi,CB,2019,2019,4,132
4883090,Kiran Amegadjie,OT,2024,2024,3,75
2980036,Kofi Amichia,G,2017,2017,6,212
3919602,Matt Ammendola,K,2021,,,
2582132,Adrian Amos,S,2015,2015,5,142
4574689,Trey Amos,CB,2025,2025,2,61
4035660,Bradlee Anae,DE,2020,2020,5,179
3119465,Peli Anau,DE,2017,,,
4035478,Tremayne Anchrum,G,2020,2020,7,250
4690182,Nick Andersen,SAF,2026,,,
4247807,Troy Andersen,LB,2022,2022,2,58
3119119,Abdullah Anderson,DT,2018,,,
4367203,Alec Anderson,OT,2022,,,
3930901,Bruce Anderson,RB,2019,,,
3123867,Calvin Anderson,OT,2019,,,
4038533,Darius Anderson,RB,2020,,,
2514542,Dres Anderson,WR,2015,,,
4040826,Drew Anderson,QB,2019,,,
4612182,Evan Anderson,DT,2024,,,
2517752,Henry Anderson,DE,2015,2015,3,93
4241844,Jack Anderson,G,2021,2021,7,236
2514468,Jonathan Anderson,LB,2015,,,
2577120,Kevin Anderson,LB,2016,,,
3063943,Kiante Anderson,DE,2018,,,
4368056,Liam Anderson,LB,2023,,,
2976495,Ryan Anderson,LB,2017,2017,2,49
4243543,Otis Anderson,RB,2021,,,
3705353,Rodney Anderson,RB,2019,2019,6,211
2577661,Rory Anderson,TE,2015,2015,7,254
4242430,Ryder Anderson,DL,2022,,,
4372056,Spencer Anderson,G,2023,2023,7,251
2576854,Stephen Anderson,TE,2016,,,
4257240,Tycen Anderson,SAF,2022,2022,5,166
4685724,Will Anderson Jr.,DE,2023,2023,1,3
2974300,Zaire Anderson,ILB,2015,,,
3932335,Zayne Anderson,SAF,2021,,,
4366349,Joe Andreessen,LB,2024,,,
3047553,Darren Andrews,WR,2018,,,
2578529,David Andrews,C,2015,,,
4362732,Jake Andrews,C,2023,2023,4,107
3116365,Mark Andrews,TE,2018,2018,3,86
4240263,David Anenih,LB,2022,,,
3914143,Christian Angulo,CB,2020,,,
3008150,Eli Ankou,DT,2017,,,
4035453,Andre Anthony,LB,2022,2022,7,248
4874448,Daijahn Anthony,SAF,2024,2024,7,224
2576482,Stephone Anthony,LB,2015,2015,1,31
4875123,Vincent Anthony Jr.,DE,2026,,,
4869816,Vinny Anthony II,WR,2026,,,
4360672,Israel Antwine,DT,2022,,,
4612387,Felix Anudike-Uzomah,DE,2023,2023,1,31
4360475,Chigozie Anusiem,DB,2024,,,
3043107,Alex Anzalone,MLB,2017,2017,3,76
3116152,Troy Apke,DB,2018,2018,4,109
3040506,Eli Apple,CB,2016,2016,1,10
3121518,Marcus Applefield,OT,2019,,,
4361496,Matt Araiza,P,2024,2022,6,180
3931397,J.J. Arcega-Whiteside,WR,2019,2019,2,57
4044146,Daniel Archibong,DT,2021,,,
4046707,A.J. Arcuri,OT,2022,2022,7,261
4360644,Daniel Arias,WR,2023,,,
2511087,Chi Chi Ariguzo,LB,2015,,,
4683308,Tanner Arkin,TE,2026,,,
4212884,Alex Armah,RB,2017,2017,6,192
2579598,Thurston Armbrister,LB,2015,,,
4372017,Jalyn Armour-Davis,CB,2022,2022,4,119
2971275,Arik Armstead,DE,2015,2015,1,17
4705513,Da'Veawn Armstead,CB,2026,,,
3923397,Ryquell Armstead,RB,2019,2019,5,140
5093923,Andrew Armstrong,WR,2025,,,
3123963,Cornell Armstrong,DB,2018,2018,6,209
3928979,Dorance Armstrong,DE,2018,2018,4,116
3125842,Ka'John Armstrong,OT,2019,,,
3915506,Damon Arnette,CB,2020,2020,1,19
4212989,Dan Arnold,TE,2017,,,
4035389,Grayland Arnold,SAF,2020,,,
4429224,Kam Arnold,LB,2025,,,
4592837,Terrion Arnold,CB,2024,2024,1,24
4678006,Elijah Arroyo,TE,2025,2025,2,50
3043097,Cameron Artis-Payne,RB,2015,2015,5,174
3041114,Ade Aruna,DE,2018,2018,6,218
3915238,George Asafo-Adjei,OT,2019,2019,7,232
4360255,Brian Asamoah II,LB,2022,2022,3,66
4427532,Eugene Asante,LB,2025,,,
2515345,Richard Ash,DT,2015,,,
4695254,Julian Ashby,LS,2025,2025,7,251
4046522,Devin Asiasi,TE,2020,2020,3,91
2575978,Isaac Asiata,G,2017,2017,5,164
3136308,George Aston,RB,2019,,,
3046320,Marcell Ateman,WR,2018,2018,7,228
3043127,John Atkins,DE,2018,,,
4360797,Tutu Atwell,WR,2021,2021,2,57
3953687,Brandon Aubrey,K,2023,,,
4081127,Antony Auclair,TE,2017,,,
3051846,Josh Augusta,DT,2017,,,
2507242,Damarr Aultman,WR,2015,,,
4242498,Popo Aumavae,DT,2024,,,
4569301,Malaesala Aumavae-Laulu,OT,2023,2023,6,199
2977231,Erik Austell,C,2017,,,
4426599,Alex Austin,CB,2023,2023,7,252
3870072,Blessuan Austin,DB,2019,2019,6,196
5082398,Brent Austin,CB,2026,,,
4243389,Calvin Austin III,WR,2022,2022,4,138
4372758,Kevin Austin Jr.,WR,2022,,,
4242251,Lee Autry,DT,2020,,,
3054841,Anthony Averett,CB,2018,2018,4,118
2972891,Travis Averill,C,2017,,,
3126204,Genard Avery,DE,2018,2018,5,150
4250098,Josh Avery,DT,2021,,,
4259300,Tre Avery,CB,2022,,,
4362474,Steve Avila,G,2023,2023,2,36
4432659,Noah Avinger,SAF,2026,,,
4040842,Kayode Awosika,G,2021,,,
3052101,Chidobe Awuzie,CB,2017,2017,2,60
5145719,Gottlieb Ayedze,OT,2024,,,
3040026,DeMarcus Ayers,WR,2016,2016,7,229
4883647,Elic Ayomanor,WR,2025,2025,4,136
4248555,Josh Babicz,TE,2022,,,
3886809,Andre Baccellia,WR,2021,,,
2972498,Joe Bacci,RB,2017,,,
4036507,Joe Bachie,LB,2020,,,
3919510,Alex Bachman,WR,2019,,,
2582311,Kennard Backman,TE,2015,2015,6,213
4686421,David Bada,DE,2020,,,
3053760,Jeff Badet,WR,2018,,,
3123052,Mike Badgley,K,2018,,,
4362748,Tyler Badie,RB,2022,2022,6,196
4434153,Tyson Bagent,QB,2023,,,
3910249,Kenji Bahar,QB,2021,,,
4686304,Dominic Bailey,DT,2026,,,
4565761,Emani Bailey,RB,2024,,,
3931395,Jake Bailey,P,2019,2019,5,163
4428241,Levelle Bailey,LB,2024,,,
3917992,Markus Bailey,LB,2020,2020,7,215
3128773,Quinn Bailey,OT,2019,,,
3892271,Rasheed Bailey,WR,2015,,,
4039320,Sergio Bailey II,WR,2018,,,
2578530,Sterling Bailey,DE,2016,,,
4430919,Wesley Bailey,LB,2026,,,
3924352,Zack Bailey,G,2019,,,
4870617,Rueben Bain Jr.,LB,2026,2026,1,15
3915240,Derrick Baity,DB,2019,,,
3127287,Budda Baker,S,2017,2017,2,36
4036660,Darrell Baker Jr.,CB,2022,,,
3915163,Deandre Baker,CB,2019,2019,1,30
4692022,Javon Baker,WR,2024,2024,4,110
3915507,Jerome Baker,OLB,2018,2018,3,73
4068152,Kawaan Baker,WR,2021,2021,7,255
4876613,Rushawn Baker,RB,2025,,,
4240435,Zach Bako-Bewele,G,2022,2022,4,140
2971279,Alex Balducci,G,2016,,,
2515504,Darryl Baldwin,OT,2016,,,
4262900,Daylen Baldwin,WR,2022,,,
4709980,Johnathan Baldwin,SAF,2025,,,
4691878,Cameron Ball,DT,2026,,,
4035626,Josh Ball,OT,2021,2021,4,138
2516039,Neiron Ball,OLB,2015,2015,5,161
3128774,Kalen Ballage,RB,2018,2018,4,131
4411769,Corey Ballentine,DB,2019,2019,6,180
5092196,Mory Bamba,CB,2026,,,
4034704,Michael Bandy,WR,2021,,,
4240624,Trajan Bandy,CB,2020,,,
4242390,Aaron Banks,G,2021,2021,2,48
3050096,Brandon Banks,DE,2017,,,
4426623,Brant Banks,OT,2025,,,
4602019,Caleb Banks,DT,2026,2026,1,18
4428328,Deonte Banks,CB,2023,2023,1,24
4040703,Eric Banks,DT,2020,,,
2970137,Josh Banks,DT,2017,,,
4685260,Kelvin Banks Jr.,OT,2025,2025,1,9
4361508,Keshawn Banks,DE,2023,,,
4567109,Marcus Banks,DB,2024,,,
4876378,Damon Bankston,RB,2026,,,
2971616,Zach Banner,OT,2017,2017,4,137
3124970,Ben Banogu,DE,2019,2019,2,49
4036123,Cole Banwart,G,2021,,,
4597310,Austin Barber,OT,2026,2026,3,86
3051902,Peyton Barber,RB,2016,,,
4428343,Ricky Barber,DT,2025,,,
4361499,Luq Barcoo,CB,2020,,,
3895835,Jake Bargas,RB,2020,,,
4685266,Jaishawn Barham,LB,2026,2026,3,92
4240545,Bryce Baringer,P,2023,2023,6,192
3929630,Saquon Barkley,RB,2018,2018,1,2
4372030,Christian Barmore,DT,2021,2021,2,38
3051938,Austin Barnard,P,2018,,,
4576297,AJ Barner,TE,2024,2024,4,121
2971880,Adairius Barnes,CB,2016,,,
4602016,Anquin Barnes Jr.,DT,2026,,,
3059165,Brandon Barnes,TE,2017,,,
2582133,Deion Barnes,DE,2015,,,
4260409,Derrick Barnes,LB,2021,2021,4,113
4373017,Kalon Barnes,CB,2022,2022,7,242
4035817,Krys Barnes,LB,2020,,,
2512398,Tavaris Barnes,DE,2015,,,
4362234,Zaire Barnes,LB,2023,2023,6,184
4709983,Caden Barnett,G,2026,,,
5278715,Dante Barnett,DT,2025,,,
3115336,Derek Barnett,DE,2017,2017,1,14
3728306,Michael Barnett,DT,2020,,,
4426638,Karsen Barnhart,OT,2024,,,
4568439,Amare Barno,LB,2022,2022,6,189
4692555,Tyler Baron,DE,2025,2025,5,176
2976114,Alex Barrett,DE,2017,,,
4429248,Dylan Barrett,G,2026,,,
3040507,J.T. Barrett,QB,2018,,,
4372062,Michael Barrett,LB,2024,2024,7,240
4682818,Nick Barrett,DT,2026,2026,5,145
4430925,Jahdae Barron,CB,2025,2025,1,20
4429249,Justin Barron,LB,2025,,,
4578889,Simeon Barrow Jr.,DT,2025,,,
4569135,Kyon Barrs,DT,2025,,,
3129290,Alex Bars,G,2019,,,
2515534,Brad Bars,DE,2015,,,
4611506,Ben Bartch,OT,2020,2020,4,116
4429250,Ben Barten,DT,2026,,,
4708049,Gavin Bartholomew,TE,2025,2025,6,202
4371336,Shemar Bartholomew,CB,2024,,,
4426646,Jared Bartlett,LB,2025,,,
3926229,Cody Barton,LB,2019,2019,3,88
4429251,Graham Barton,C,2024,2024,1,26
3122865,Jackson Barton,OT,2019,2019,7,240
4685272,Lander Barton,LB,2026,,,
4037239,Carlos Basham,DE,2021,2021,2,61
3052977,Tarell Basham,LB,2017,2017,3,80
4362631,Micah Baskerville,LB,2023,,,
4685120,TJ Bass,OT,2023,,,
3917232,Tyler Bass,K,2020,2020,6,188
4602389,Jeffrey Bassa,LB,2025,2025,5,156
4037216,Essang Bassey,DB,2020,,,
4875296,Luke Basso,LS,2026,,,
4360939,Rashod Bateman,WR,2021,2021,1,27
4362603,Brenden Bates,TE,2024,,,
4689936,Jake Bates,K,2024,,,
3919512,Jessie Bates,FS,2018,2018,2,54
4048228,John Bates,TE,2021,2021,4,124
3929631,Ryan Bates,OT,2019,,,
2585785,Trevor Bates,LB,2016,2016,7,239
2511350,Houston Bates,LB,2015,,,
3139456,Cameron Batson,WR,2018,,,
2977676,Isaiah Battle,OT,2015,,,
3115371,John Battle,SAF,2019,,,
4567098,Jordan Battle,SAF,2023,2023,3,95
4372413,Miles Battle,CB,2024,,,
4608794,Tyler Batty,LB,2025,,,
4573443,Kyler Baugh,DT,2024,,,
3051387,Marcus Baugh,TE,2019,,,
3917657,Zack Baun,LB,2020,2020,3,74
2613234,DeVante Bausby,CB,2015,,,
3125232,Nick Bawden,RB,2018,2018,7,237
2582034,Keith Baxter,DB,2016,,,
4879478,Jacob Bayer,C,2025,,,
3917166,Omar Bayless,WR,2020,,,
2971280,Evan Baylis,TE,2017,,,
4255988,B.J. Baylor,RB,2022,,,
4426444,Connor Bazelak,QB,2025,,,
4037632,Emmanuel Beal,LB,2018,,,
4259558,Robert Beal Jr.,DE,2023,2023,5,173
3916720,Sam Beal,DB,2018,,,
4360900,Jason Bean,QB,2024,,,
2577505,Jimmy Bean,DE,2016,,,
4695407,Dalys Beanum,CB,2025,,,
2512400,Vic Beasley,DE,2015,2015,1,8
2979520,C.J. Beathard,QB,2017,2017,3,104
4814930,Hank Beatty,WR,2026,,,
4686533,Abraham Beauplan,LB,2023,,,
4239121,Darrian Beavers,LB,2022,2022,6,182
2587711,Willie Beavers,G,2016,2016,4,121
4603186,Jack Bech,WR,2025,2025,2,58
3125107,Andrew Beck,FB,2019,,,
4430841,Carson Beck,QB,2026,2026,3,65
3125999,Nate Becker,TE,2019,,,
4039553,Ryan Becker,TE,2021,,,
4037604,Tavante Beckett,LB,2021,,,
3924310,Terry Beckner,DT,2019,2019,7,215
2516312,Ben Beckwith,G,2015,,,
3042733,Kendell Beckwith,LB,2017,2017,3,107
4240090,Mekhi Becton,G,2020,2020,1,11
3139448,Ryan Bee,DE,2019,,,
3047968,Chad Beebe,WR,2018,,,
4426663,Cooper Beebe,G,2024,2024,3,73
4572675,Evan Beerntsen,G,2026,2026,7,253
2974503,Reggie Begelton,WR,2020,,,
3120540,Drew Belcher,TE,2019,,,
2514206,Blake Bell,TE,2015,2015,4,117
3057972,Brandon Bell,LB,2017,,,
4869961,Chris Bell,WR,2026,2026,3,94
4608386,D'Anthony Bell,SAF,2022,,,
4570409,David Bell,WR,2022,2022,3,99
4712579,Dillon Bell,WR,2026,,,
4361159,Greg Bell,RB,2022,,,
4429262,Jaheim Bell,TE,2024,2024,7,231
2514150,Kenny Bell,WR,2015,2015,5,162
4690937,Levi Bell,DE,2023,,,
5219831,Markel Bell,OT,2026,2026,3,68
4241921,Markquese Bell,SAF,2022,,,
3040552,Mitchell Bell,G,2015,,,
3933407,Quinton Bell,LB,2019,2019,7,230
2520767,Reggie Bell,WR,2015,,,
4372063,Ronnie Bell,WR,2023,2023,7,253
4683153,Skyler Bell,WR,2026,2026,4,125
4246741,Travis Bell,DT,2023,2023,7,218
3051388,Vonn Bell,S,2016,2016,2,61
3043128,Davin Bellamy,LB,2018,,,
3916721,Levante Bellamy,RB,2020,,,
4361516,Daniel Bellinger,TE,2022,2022,4,112
2970622,B.J. Bello,LB,2017,,,
4873706,Anthony Belton,OT,2025,2025,2,54
4426686,Dane Belton,SAF,2022,2022,4,114
5125873,Theo Benedet,OL,2024,,,
3047575,Caleb Benenoch,G,2016,2016,5,148
4379778,Christian Benford,CB,2022,2022,6,185
4242873,Eno Benjamin,RB,2020,2020,7,222
3040535,Kurt Benkert,QB,2018,,,
2576371,Michael Bennett,DT,2015,2015,6,180
4694074,Coleman Bennett,RB,2026,,,
4686911,Jakorian Bennett,DB,2023,2023,4,104
2516079,Michael Bennett,WR,2015,,,
4259553,Stetson Bennett,QB,2023,2023,4,128
4432661,Rayshaun Benny,DT,2026,2026,7,250
4566190,Kahlil Benson,OT,2026,,,
4426692,Luke Benson,TE,2024,,,
5150247,Malik Benson,WR,2026,2026,6,195
4429275,Trey Benson,RB,2024,2024,3,66
4422214,Trinity Benson,WR,2019,,,
5159802,Dallen Bentley,TE,2026,2026,7,256
3116187,Ja'Whaun Bentley,LB,2018,2018,5,143
4426689,Ulysses Bentley IV,RB,2025,,,
3910402,Elijah Benton,SAF,2020,,,
4426694,Keeanu Benton,DT,2023,2023,2,49
3121537,Beau Benzschawel,C,2019,,,
2576822,Mike Bercovici,QB,2017,,,
4887918,Junior Bergen,WR,2025,2025,7,252
4568510,Matthew Bergeron,OL,2023,2023,2,38
3932336,Francis Bernard,LB,2020,,,
4685261,Germie Bernard,WR,2026,2026,2,47
4259166,Terrel Bernard,LB,2022,2022,3,89
5344966,Uar Bernard,DT,2026,2026,7,251
4361834,Jarrick Bernard-Converse,CB,2023,2023,6,204
4911488,Jared Bernhardt,WR,2022,,,
3123075,Braxton Berrios,WR,2018,2018,6,210
2472364,Jordan Berry,P,2015,,,
3915508,Rashod Berry,DE,2020,,,
4245639,Stanley Berryhill,WR,2022,,,
2578718,Taylor Bertolet,K,2020,,,
4428872,JD Bertrand,LB,2024,2024,5,143
4426698,Tatum Bethune,LB,2024,2024,7,251
2576253,Brennen Beyer,LB,2015,,,
4036124,Shaun Beyer,TE,2021,,,
4035788,Tyler Biadasz,C,2020,2020,4,146
3039924,E.J. Bibbs,TE,2015,,,
2977798,Vince Biegel,LB,2017,2017,4,108
3052161,Keishawn Bierria,LB,2018,2018,6,217
2575516,Ezekiel Bigger,LB,2017,,,
4683276,Zeek Biggers,DT,2025,2025,7,253
2323439,Adam Bighill,LB,2017,,,
4429013,Tank Bigsby,RB,2023,2023,3,88
3932422,Asmar Bilal,LB,2020,,,
3051775,Andrew Billings,DT,2016,2016,4,122
3060950,Jace Billingsley,WR,2016,,,
4676004,Cole Bishop,SAF,2024,2024,2,60
16573,Freddie Bishop,OLB,2016,,,
4363052,Beanie Bishop Jr.,CB,2024,,,
2970255,Adam Bisnowaty,OT,2017,2017,6,200
4870596,Chase Bisontis,OT,2026,2026,2,34
4685275,Wesley Bissainthe,LB,2026,,,
4035177,Daniel Bituli,LB,2020,,,
3928920,Henry Black,SAF,2020,,,
4696044,Kaelon Black,RB,2026,2026,3,90
4429281,Korie Black,CB,2025,2025,7,246
4258170,Tarik Black,WR,2021,,,
4430947,Yahya Black,DE,2025,2025,5,164
4038557,Ross Blacklock,DT,2020,2020,2,40
3128346,Blake Blackmar,G,2019,,,
4035661,Julian Blackmon,SAF,2020,2020,3,85
4360677,Mekhi Blackmon,DB,2023,2023,3,102
3116155,Saeed Blacknall,WR,2018,,,
4259308,Raheem Blackshear,RB,2022,,,
2574582,Angelo Blackson,DE,2015,2015,4,100
4240459,Josh Blackwell,CB,2022,,,
4369886,Chris Blair,WR,2021,,,
4243244,Marquise Blair,DB,2019,2019,2,47
2567711,Ronald Blair,DE,2016,2016,5,142
3126002,Christian Blake,WR,2018,,,
2512449,Issac Blakeney,WR,2015,,,
4248911,DaRon Bland,CB,2022,2022,5,167
3124020,Quin Blanding,DB,2019,,,
4243956,Reed Blankenship,SAF,2022,,,
3915165,Rodrigo Blankenship,K,2020,,,
4685270,Stone Blanton,LB,2025,,,
3122103,Kendall Blanton,TE,2019,,,
3122154,Khari Blasingame,FB,2019,,,
4430949,Austin Blaske,OT,2026,,,
5150999,David Blay Jr.,DT,2026,,,
2514544,Brian Blechen,LB,2015,,,
4037633,Amani Bledsoe,DE,2019,,,
4241199,Joshuah Bledsoe,SAF,2021,2021,6,188
3045141,Chris Blewitt,K,2021,,,
3116188,David Blough,QB,2019,,,
4240824,Joey Blount,SAF,2022,,,
3053761,Javess Blue,WR,2015,,,
4685279,Jaydon Blue,RB,2025,2025,5,149
2582448,Austin Blythe,C,2016,2016,7,248
3060403,Chris Board,LB,2018,,,
2973626,C.J. Board,WR,2017,,,
3925443,Jacob Bobenmoyer,LS,2020,,,
4360405,Jake Bobo,WR,2023,,,
2970694,Briean Boddy-Calhoun,CB,2016,,,
2971418,Evan Boehm,G,2016,2016,4,128
4002672,Moritz Boehringer,TE,2016,2016,6,180
4686248,Nate Boerkircher,TE,2026,2026,2,56
5088571,Bryce Boettcher,LB,2026,2026,4,135
3040166,Ike Boettger,G,2018,,,
4259978,Quinton Bohanna,DT,2021,2021,6,192
4039396,Corey Bojorquez,P,2018,,,
4259631,Bubba Bolden,SAF,2022,,,
4711029,Isaiah Bolden,CB,2023,2023,7,245
4590532,Silas Bolden,WR,2025,,,
4360115,Slade Bolden,WR,2022,,,
3056476,Victor Bolden,WR,2017,,,
4431162,T.J. Bollers,DT,2026,,,
4035662,Garett Bolles,OT,2017,2017,1,20
3116367,Curtis Bolton,LB,2019,,,
4362759,Nick Bolton,LB,2021,2021,2,58
3116368,Devante Bond,LB,2016,2016,6,183
2979810,Deyshawn Bond,C,2017,,,
4808839,Isaiah Bond,WR,2025,,,
4683159,Lewis Bond,WR,2026,2026,6,204
3147988,Terrell Bonds,DB,2019,,,
4613269,Jim Bonifas,C,2026,,,
4360259,Nik Bonitto,LB,2022,2022,2,64
3116642,Reggie Bonnafon,RB,2018,,,
4360746,Ethan Bonner,CB,2023,,,
3129292,Jonathan Bonner,DE,2019,,,
2573098,Andrew Bonnet,FB,2016,,,
4046678,Ian Book,QB,2021,2021,4,133
4683553,Austin Booker,DE,2024,2024,5,144
3121408,Dante Booker,LB,2019,,,
3122866,Devontae Booker,RB,2016,2016,4,136
4360749,Thomas Booker,DT,2022,2022,5,150
4685263,Tyler Booker,G,2025,2025,1,12
3139033,Mike Boone,RB,2018,,,
4426344,Andrew Booth,CB,2022,2022,2,42
5153650,Davon Booth,RB,2026,,,
4034835,Dicaprio Bootle,CB,2021,,,
3051330,Cole Boozer,OT,2018,,,
3048663,Breon Borders,CB,2017,,,
4040604,Tuf Borland,LB,2021,,,
4241217,Larry Borom,G,2021,2021,5,151
4569923,Andy Borregales,K,2025,2025,6,182
4046356,Jose Borregales,K,2021,,,
4430957,Tanor Bortolini,G,2024,2024,4,117
3051389,Joey Bosa,DE,2016,2016,1,3
4040605,Nick Bosa,DE,2019,2019,1,2
4241317,Earl Bostick Jr.,OT,2023,,,
4832800,Denzel Boston,WR,2026,2026,2,39
3047969,Joel Bouagnon,RB,2018,,,
4010743,Elie Bouka,DB,2016,,,
3045122,Ben Boulware,ILB,2017,,,
3045523,Kendrick Bourne,WR,2017,,,
4429022,Kayshon Boutte,WR,2023,2023,6,187
4426752,Jack Bouwmeester,P,2026,,,
4046723,Brandon Bouyer-Randle,LB,2023,,,
4259979,Lynn Bowden,WR,2020,2020,3,80
4570077,Peter Bowden,LS,2024,,,
4002683,Kevin Bowen,OT,2016,,,
3042726,Tashawn Bower,DE,2017,,,
4432665,Brock Bowers,TE,2024,2024,1,13
3929633,Nick Bowers,TE,2020,,,
4374196,Wyatt Bowles,G,2025,,,
4431194,Billy Bowman Jr.,CB,2025,2025,4,118
3125253,Braedon Bowman,TE,2016,,,
4366910,Shawn Bowman,TE,2024,,,
4869533,Jude Bowry,OT,2026,2026,4,102
3040037,Tyus Bowser,LB,2017,2017,2,47
4594319,Brady Boyd,WR,2026,,,
3137842,Dino Boyd,OT,2019,,,
4384595,Khristian Boyd,DT,2024,2024,6,199
3929845,Kris Boyd,CB,2019,2019,7,217
3045144,Tyler Boyd,WR,2016,2016,2,55
4373061,Ekow Boye-Doe,CB,2023,,,
2971696,Paul Boyette Jr.,DT,2017,,,
4430961,Devan Boykin,DB,2026,,,
4361584,Lance Boykin,CB,2023,,,
3932423,Miles Boykin,WR,2019,2019,3,93
2575910,Trevone Boykin,QB,2016,,,
3929030,Jeremy Boykins,DB,2017,,,
2514505,Brett Boyko,G,2015,,,
2574591,Nick Boyle,TE,2015,2015,5,171
3045169,Tim Boyle,QB,2018,,,
3054842,Bradley Bozeman,C,2018,2018,6,215
4570546,Swayze Bozeman,LB,2024,,,
2572841,James Bradberry,CB,2016,2016,2,62
3116729,Garrett Bradbury,C,2019,2019,1,18
4429291,Beau Brade,SAF,2024,,,
2977626,Ben Braden,G,2017,,,
4429211,Anthony Bradford,G,2023,2023,4,108
4569352,Millard Bradford,DB,2024,,,
4362260,Carter Bradley,QB,2024,,,
3059973,Dylan Bradley,DT,2017,,,
2970256,Bam Bradley,LB,2017,,,
2980350,Hunter Bradley,LS,2018,2018,7,239
3917569,Ja'Marcus Bradley,WR,2020,,,
4683111,Jaden Bradley,WR,2026,,,
4565184,Jerand Bradley,TE,2026,,,
4038902,Shaun Bradley,LB,2020,2020,6,196
4036476,Will Bradley-King,DE,2021,2021,7,240
4040640,Darius Bradwell,RB,2020,,,
5081997,Cortez Braham,WR,2026,,,
3122420,Jordan Brailford,LB,2019,2019,7,253
4816090,Parker Brailsford,C,2026,2026,5,146
4692025,Brian Branch,CB,2023,2023,2,45
2972155,Marcelis Branch,DB,2017,,,
4870612,Zachariah Branch,WR,2026,2026,3,79
3930270,Blake Brandel,OT,2020,2020,6,203
4032484,John Brannon,DB,2020,,,
3054950,Caleb Brantley,DT,2017,2017,6,185
4428989,Chris Braswell,LB,2024,2024,2,57
4257580,Christian Braswell,CB,2023,2023,6,202
2969241,Ben Braunecker,TE,2016,,,
2973052,Daniel Braverman,WR,2016,2016,7,230
2574545,Quan Bray,WR,2015,,,
4573243,Chandler Brayboy,WR,2025,,,
5091739,Chris Brazzell II,WR,2026,2026,3,83
2267296,Delvin Breaux,CB,2015,,,
4046551,Ben Bredeson,G,2020,2020,4,143
4878695,Max Bredeson,RB,2026,2026,5,159
3915136,Jacob Breeland,TE,2020,,,
4038944,Brady Breeze,SAF,2021,2021,6,215
3049916,Matt Breida,RB,2017,,,
2577185,Jake Brendel,C,2016,,,
2577664,K.J. Brent,WR,2016,,,
4360488,Julius Brents,CB,2023,2023,2,44
4428988,Bryan Bresee,DT,2023,2023,1,29
4430818,Cole Brevard,NT,2026,,,
4040537,Aaron Brewer,C,2020,,,
4052017,C.J. Brewer,DT,2022,,,
3914440,Chandler Brewer,OT,2019,,,
2971881,Kentrell Brice,S,2016,,,
4585376,Shemar Bridges,WR,2022,,,
4426513,Trikweze Bridges,DB,2025,2025,7,256
4426676,Jowon Briggs,DE,2024,2024,7,243
4245645,Gary Brightwell,RB,2021,2021,6,196
2576045,Kyle Brindza,K,2015,,,
4431196,Jake Briningstool,TE,2025,,,
4690999,Austin Brinkman,LS,2025,,,
4429136,Warren Brinson,DT,2025,2025,6,198
4688418,Michael Briscoe,WR,2026,,,
4570044,Jaquan Brisker,SAF,2022,2022,2,48
2578570,Jacoby Brissett,QB,2016,2016,3,91
4242521,K.J. Britt,LB,2021,2021,5,176
4360260,Gabe Brkic,K,2022,,,
4567783,James Brockermeyer,C,2026,,,
4596010,Le'Meke Brockington,WR,2026,,,
4429313,Tyrone Broden,WR,2025,,,
4426498,Nick Broeker,G,2023,2023,7,230
3923400,Josiah Bronson,DT,2021,,,
4036213,Antoine Brooks Jr.,SAF,2020,2020,6,198
4373273,British Brooks,RB,2024,,,
3892576,Cariel Brooks,DB,2015,,,
3149687,Chris Brooks,RB,2023,,,
4037474,Curtis Brooks,DT,2022,2022,6,216
4431506,Ja'Corey Brooks,WR,2025,,,
4692835,Jalen Brooks,WR,2023,2023,7,244
4678008,Jonathon Brooks,RB,2024,2024,2,46
4043130,Jordyn Brooks,LB,2020,2020,1,27
4373423,Karl Brooks,DT,2023,2023,6,179
4585317,Kendell Brooks,SAF,2024,,,
4241371,Kennedy Brooks,RB,2022,,,
4363055,Mason Brooks,G,2023,,,
3914477,Nate Brooks,CB,2019,,,
4689989,Natrone Brooks,DB,2023,,,
4429299,Tahj Brooks,RB,2025,2025,6,193
2977667,Zac Brooks,RB,2016,2016,7,247
3886841,Tony Brooks-James,RB,2019,,,
4573398,Max Brosmer,QB,2025,,,
3843406,Nick Brossette,RB,2019,,,
2577354,Kentrell Brothers,LB,2016,2016,5,160
3139036,Cortez Broughton,DT,2019,2019,7,242
4429040,Vernon Broughton,DT,2025,2025,3,71
4565445,Aamaris Brown,DB,2026,,,
4426800,Ahmarean Brown,WR,2024,,,
3140141,Alex Brown,CB,2019,,,
3116761,Andrew Brown,DT,2018,2018,5,158
2977756,Anthony Brown,CB,2016,2016,6,189
4035312,Anthony Brown,QB,2022,,,
4047646,A.J. Brown,WR,2019,2019,2,51
3126120,Asantay Brown,LB,2018,,,
16971,Austin Brown,NT,2015,,,
4827042,Austin Brown,SAF,2026,,,
4698597,Barion Brown,WR,2026,2026,6,190
2980639,Blair Brown,LB,2017,2017,5,148
4372518,Bobby Brown III,DT,2021,2021,4,117
3049891,Brian Brown,WR,2017,,,
4036032,Brittain Brown,RB,2022,2022,7,250
4808759,Camden Brown,WR,2026,,,
4045165,Cameron Brown,LB,2020,2020,6,183
4362238,Chase Brown,RB,2023,2023,5,163
2980137,Chris Brown,WR,2016,,,
3120365,Chris Brown,G,2019,,,
2161946,Cody Brown,DB,2019,,,
2513351,Da'Ron Brown,WR,2015,2015,7,233
2544798,Daniel Brown,TE,2015,,,
4040962,Deonte Brown,G,2021,2021,6,193
4035495,Derrick Brown,DT,2020,2020,1,7
4218143,Donatello Brown,DB,2017,,,
4361577,Dyami Brown,WR,2021,2021,3,82
4242292,Earnest Brown IV,DE,2021,2021,5,174
4240826,Elliott Brown,LB,2025,,,
3128412,Evan Brown,C,2018,,,
2981846,Fadol Brown,DE,2017,,,
2971397,Fred Brown,WR,2017,,,
4046350,Ike Brown,DB,2022,,,
2576647,Jamon Brown,G,2015,2015,3,72
2971929,Jatavis Brown,OLB,2016,2016,5,175
3047559,Jayon Brown,ILB,2017,2017,5,155
4693644,Ji'Ayir Brown,SAF,2023,2023,3,87
3135726,Jon Brown,K,2017,,,
3121034,Jordan Brown,DB,2019,2019,7,223
3122421,Keenen Brown,TE,2019,,,
3125705,Kyron Brown,CB,2019,,,
3043070,Leon Brown,G,2015,,,
4876200,Liam Brown,G,2026,,,
4570075,Logan Brown,OT,2025,,,
2512191,Mack Brown,RB,2015,,,
2570986,Malcolm Brown,RB,2015,,,
2971698,Malcom Brown,DT,2015,2015,1,32
4241372,Marquise Brown,WR,2019,2019,1,25
4244310,Mike Brown,SAF,2022,,,
3913020,Miles Brown,NT,2019,,,
4242149,Montaric Brown,CB,2022,2022,7,222
3121409,Noah Brown,WR,2017,2017,7,239
4426794,Omar Brown,DB,2024,,,
3116370,Orlando Brown,OT,2018,2018,3,83
2971281,Pharaoh Brown,TE,2017,,,
2971373,Richie Brown,LB,2017,,,
2971381,Ryan Brown,DE,2016,,,
4002763,Sam Brown,DB,2016,,,
4684139,Sean Brown,LB,2026,,,
4686139,Shakel Brown,DT,2023,,,
4241950,Shakur Brown,CB,2021,,,
4568687,Sincere Brown,WR,2026,,,
4239768,Spencer Brown,RB,2021,,,
4030899,Spencer Brown,OT,2021,2021,3,93
4360386,Sydney Brown,SAF,2023,2023,3,66
4696736,Tanner Brown,K,2024,,,
4362890,Ben Brown,C,2022,,,
3115308,Tony Brown,DB,2018,,,
3915821,Tony Brown,WR,2020,,,
4241373,Tre Brown,CB,2021,2021,4,137
3043109,Trent Brown,OT,2015,2015,7,244
3957543,Billy Brown,TE,2017,,,
4012719,Brandon Brown-Dukes,RB,2016,,,
4241987,Baron Browning,LB,2021,2021,3,105
4876013,Jack Browning,P,2024,,,
3886812,Jake Browning,QB,2019,,,
4426817,Jarvis Brownlee Jr.,DB,2024,2024,5,146
4689988,Jason Brownlee,WR,2023,,,
3124819,Jarell Broxton,G,2016,,,
4429490,Carson Bruener,LB,2025,2025,7,226
2976117,Daniel Brunskill,OT,2017,,,
4038811,T.J. Brunson,LB,2020,2020,7,238
4242347,Logan Bruss,G,2022,2022,3,104
3115249,Taven Bryan,DT,2018,2018,1,29
3728253,Austin Bryant,DE,2019,2019,4,117
2982857,Brandin Bryant,DT,2016,,,
3115472,Brandon Bryant,DB,2018,,,
4239094,Coby Bryant,CB,2022,2022,4,109
4040774,Harrison Bryant,TE,2020,2020,4,115
4243318,Hunter Bryant,TE,2020,,,
4429324,Cobee Bryant,CB,2025,,,
4565293,Marcus Bryant,OT,2025,2025,7,220
4242510,Big Kat Bryant,DE,2022,,,
4039010,Myles Bryant,CB,2020,,,
3915787,Omarius Bryant,DT,2017,,,
4600981,Pat Bryant,WR,2025,2025,3,74
3138760,Ventell Bryant,WR,2019,,,
4698244,Teddye Buchanan,LB,2025,2025,4,129
2971282,DeForest Buckner,DT,2016,2016,1,7
4039034,Shane Buechele,QB,2021,,,
4241451,Isaiah Buggs,DT,2019,2019,6,192
4688930,Javon Bullard,SAF,2024,2024,2,58
2980097,Jonathan Bullard,DE,2016,2016,3,72
4431517,Calen Bullock,SAF,2024,2024,3,78
4576075,Corey Bullock,G,2024,,,
4569563,John Bullock,LB,2025,,,
4430992,Kentrel Bullock,RB,2026,,,
2979532,Riley Bullough,LB,2017,,,
4242446,LaTrell Bumphus,NT,2023,,,
2512571,Malcolm Bunche,G,2015,,,
2577153,Quenton Bundrage,WR,2016,,,
2974198,Marquis Bundy,WR,2016,,,
3115981,Ian Bunting,TE,2019,,,
2577829,Ross Burbank,C,2016,,,
2979533,Aaron Burbridge,WR,2016,2016,6,213
4428996,Jordan Burch,LB,2025,2025,3,78
4685278,Luther Burden III,WR,2025,2025,2,39
4362999,Spencer Burford,G,2022,2022,4,134
5192448,Cole Burgess,WR,2024,,,
2970181,James Burgess,OLB,2016,,,
4035663,Terrell Burgess,SAF,2020,2020,3,104
4432668,Denzel Burke,CB,2025,2025,5,174
4908867,Ethan Burke,LB,2026,,,
4876658,Travis Burke,OT,2026,2026,4,117
2972811,Brandon Burks,RB,2016,,,
4683151,Deion Burks,WR,2026,2026,7,254
3051746,Oren Burks,ILB,2018,2018,3,88
4567156,Treylon Burks,WR,2022,2022,1,18
3932935,Deontay Burnett,WR,2018,,,
4360239,Amari Burney,LB,2023,2023,6,203
3051921,Artie Burns,CB,2016,2016,1,25
4035631,Brian Burns,LB,2019,2019,1,16
4039596,Lorenzo Burns,CB,2021,,,
4429036,Major Burns,SAF,2026,,,
4240636,Robert Burns,RB,2023,,,
3886816,Ben Burr-Kirven,LB,2019,2019,5,142
2577740,Juston Burris,FS,2016,2016,4,118
3915511,Joe Burrow,QB,2020,2020,1,1
3915308,Jake Burt,TE,2020,,,
2977689,Deante Burton,DB,2017,,,
4569661,Jager Burton,C,2026,2026,5,153
4429033,Jermaine Burton,WR,2024,2024,3,80
2515270,Michael Burton,FB,2015,2015,5,168
16973,Pierce Burton,OT,2015,,,
3056893,Tyreek Burwell,OT,2015,,,
2969944,Deon Bush,SAF,2016,2016,4,124
4036261,Devin Bush,LB,2019,2019,1,10
4242369,Matt Bushman,TE,2021,,,
4049750,Rico Bussey,WR,2021,,,
3055899,Harrison Butker,K,2017,2017,7,233
2972342,Adam Butler,DT,2017,,,
4360466,Darien Butler,LB,2022,,,
3119471,Emmanuel Butler,WR,2019,,,
3917940,Hakeem Butler,WR,2019,2019,4,103
3124608,James Butler,RB,2018,,,
3929814,Josh Butler,DB,2023,,,
4242457,Matthew Butler,DT,2022,2022,5,175
4880087,Mehki Butler,G,2025,,,
4337702,Paul Butler,TE,2018,,,
4363097,Percy Butler,SAF,2022,2022,4,113
2971883,Vernon Butler,DT,2016,2016,1,30
3045225,Jake Butt,TE,2017,2017,5,145
2574056,Kevin Byard,FS,2016,2016,3,64
4575664,Jeremiah Byers,OT,2025,,,
4035861,Camryn Bynum,SAF,2021,2021,4,125
4243319,Terrell Bynum,WR,2023,,,
2577667,Damiere Byrd,WR,2015,,,
3931761,Emanuel Byrd,TE,2017,,,
4367995,Henry Byrd,G,2023,,,
4361689,Solomon Byrd,DE,2024,2024,7,238
4612077,Bryce Cabeldue,G,2025,2025,6,192
3116158,Jason Cabinda,FB,2018,,,
4047834,Cohl Cabral,C,2020,,,
4010884,Isiah Cage,OT,2016,,,
3917849,Lawrence Cager,TE,2020,,,
3728254,Deon Cain,WR,2018,2018,6,185
2577123,Devon Cajuste,TE,2016,,,
3116455,Yodny Cajuste,OT,2019,2019,3,101
4040732,Raymond Calais,RB,2020,2020,7,245
4241374,Grant Calcaterra,TE,2022,2022,6,198
2972550,Trey Caldwell,DB,2016,2016,5,173
5089178,Jamaree Caldwell,DT,2025,2025,3,86
4885466,Jeff Caldwell,WR,2026,,,
4877717,Matthew Caldwell,QB,2026,,,
3115482,Shaq Calhoun,G,2019,,,
2576257,Shilique Calhoun,DE,2016,2016,3,75
2577421,Taveze Calhoun,CB,2016,,,
4043039,Mike Caliendo,G,2022,,,
2982304,Austin Calitro,ILB,2017,,,
2515641,Bryce Callahan,CB,2015,,,
3078660,Joe Callahan,QB,2016,,,
3915097,Antonio Callaway,WR,2018,2018,4,105
4035170,Marquez Callaway,WR,2020,,,
4606181,Keydrain Calligan,DB,2025,,,
5151965,Kadarius Calloway,RB,2026,,,
3894927,Johnathan Calvin,DT,2017,,,
4379396,Jake Camarda,P,2022,2022,4,133
4570296,Dalen Cambre,WR,2025,,,
4879194,Josh Cameron,WR,2026,2026,6,191
4037311,Jalen Camp,WR,2021,2021,6,209
4887255,Anthony Campbell,DT,2025,,,
4372051,Chance Campbell,LB,2022,2022,6,219
3116159,Chris Campbell,DB,2018,2018,6,182
4569372,Dalevon Campbell,WR,2025,,,
3040180,De'Vondre Campbell,OLB,2016,2016,4,115
5081977,DJ Campbell,G,2026,2026,6,200
2509475,DiAndre Campbell,WR,2015,,,
3932901,Elijah Campbell,DB,2020,,,
2511090,Ibraheim Campbell,DB,2015,2015,4,115
4569465,Jack Campbell,LB,2023,2023,1,18
4685287,Jihaad Campbell,LB,2025,2025,1,31
3121410,Parris Campbell,WR,2019,2019,2,59
4410136,Tevaughn Campbell,DB,2019,,,
4379397,Tyson Campbell,CB,2021,2021,2,33
4685298,Will Campbell,OT,2025,2025,1,4
5081322,Cam Camper,WR,2026,,,
3039942,Jake Campos,OT,2018,,,
4688779,Channing Canada,CB,2026,,,
2967885,Kameron Canaday,LS,2016,,,
4710706,Jadon Canady,CB,2026,2026,4,109
2979655,Maurice Canady,CB,2016,2016,6,209
2516325,A.J. Cann,G,2015,2015,3,67
4242536,Sal Cannella,TE,2025,,,
3128348,KD Cannon,WR,2017,,,
4261020,Trenton Cannon,RB,2018,2018,6,204
4429366,Derrick Canteen,SAF,2025,,,
3052576,Dylan Cantrell,WR,2018,2018,6,191
4429007,DeMonte Capehart,DT,2026,2026,5,155
2514374,Cap Capi,DE,2015,,,
3059021,Alex Cappa,G,2018,2018,3,94
4038958,Jacob Capra,G,2021,,,
2575907,Joe Cardona,LS,2015,2015,5,166
4601021,Jaylon Carlies,LB,2024,2024,5,151
2588736,Zamir Carlis,DT,2016,,,
3120810,Jake Carlock,LB,2019,,,
4242519,Anders Carlson,K,2023,2023,6,207
3051909,Daniel Carlson,K,2018,2018,5,167
3948283,Stephen Carlson,TE,2019,,,
4429189,Xavier Carlton,DE,2025,,,
4360320,Jackson Carman,G,2021,2021,2,46
4710000,Fernando Carmona,G,2026,2026,5,142
3116693,Malik Carney,LB,2019,,,
4240563,Owen Carney,OLB,2022,,,
4240486,Tariq Carpenter,SAF,2022,2022,7,228
2974339,Austin Carr,WR,2017,,,
3915427,Patrick Carr,RB,2020,,,
2971565,Josh Carraway,LB,2017,2017,7,227
4432673,Reid Carrico,LB,2026,,,
2576654,Lloyd Carrington,CB,2016,,,
2982804,Leonte Carroo,WR,2016,2016,3,86
4431006,Caelen Carson,DB,2024,2024,5,174
3919596,Chris Carson,RB,2017,2017,7,249
2972283,Tra Carson,RB,2016,,,
4725996,Abdul Carter,LB,2025,2025,1,3
4429379,Ajani Carter,DB,2025,,,
2978256,Alex Carter,CB,2015,2015,3,80
4577333,Andre Carter II,LB,2023,,,
4431519,Barrett Carter,LB,2025,2025,4,119
3040470,Cethan Carter,TE,2017,,,
2996095,Cory Carter,P,2017,,,
2580216,DeAndre Carter,WR,2015,,,
4426883,DeWayne Carter,DT,2024,2024,3,95
2447781,Duron Carter,WR,2015,,,
4369950,Ja'Tyre Carter,G,2022,2022,7,226
4429371,Jahmeer Carter,NT,2026,,,
4685759,Jalen Carter,DT,2023,2023,1,9
3051925,Jamal Carter,LB,2017,,,
4058338,Jarell Carter,DB,2017,,,
3053047,Jermaine Carter,LB,2018,2018,5,161
2582138,Kyle Carter,TE,2016,,,
3128715,Lorenzo Carter,LB,2018,2018,3,66
3140525,Martez Carter,RB,2018,,,
4240456,Michael Carter II,CB,2021,2021,5,154
4240657,Michael Carter,RB,2021,2021,4,107
4605841,Nate Carter,RB,2025,,,
4885625,Rob Carter Jr.,CB,2026,,,
4241273,Roger Carter,TE,2022,,,
3930024,Ron'Dell Carter,LB,2020,,,
4040963,Shyheim Carter,SAF,2020,,,
4035044,T.J. Carter,DE,2022,,,
4360292,T.J. Carter,CB,2022,,,
4242212,Tory Carter,FB,2021,,,
4240619,Zachary Carter,DT,2022,2022,3,95
2514375,Kivon Cartwright,TE,2016,,,
4369859,Jerome Carvin,OL,2023,,,
4868598,Kage Casey,OT,2026,2026,4,111
2576378,Jeremy Cash,LB,2016,,,
3728281,Blake Cashman,LB,2019,2019,5,157
17480,Sergio Castillo,K,2020,,,
4612558,Anderson Castle,RB,2026,,,
4372741,McCallan Castles,TE,2024,,,
4426882,Sebastian Castro,SAF,2025,,,
4259590,Tariq Castro-Fields,CB,2022,2022,6,221
2969004,Tyler Catalina,G,2017,,,
3929033,Rashard Causey,DB,2019,,,
3116052,Jonathan Celestin,LB,2018,,,
4426893,Joshua Cephus,WR,2024,,,
4035793,Quintez Cephus,WR,2020,2020,5,166
4043720,Jake Ceresna,DE,2016,,,
3125287,Andre Chachere,DB,2018,,,
4242205,K'Lavon Chaisson,LB,2020,2020,1,20
4692638,Tahj Chambers,LB,2026,,,
4431520,Chaz Chambliss,LB,2025,,,
4242246,Tommy Champion,OT,2020,,,
3138733,Sean Chandler,DB,2018,,,
4242431,Ty Chandler,RB,2022,2022,5,169
2512608,Tyson Chandler,OT,2015,,,
3058833,Devin Chappell,DB,2017,,,
4602676,Tyreek Chappell,CB,2026,,,
4426385,Zach Charbonnet,RB,2023,2023,2,52
3115394,DJ Chark,WR,2018,2018,2,61
3929636,Irvin Charles,WR,2022,,,
4242230,Saahdiq Charles,OT,2020,2020,4,108
3924357,Joseph Charlton,P,2020,,,
3045210,Taco Charlton,DE,2017,2017,1,28
4362628,Ja'Marr Chase,WR,2021,2021,1,5
4429392,Elijah Chatman,DT,2024,,,
4248286,Davis Cheek,QB,2022,,,
2578713,Joseph Cheek,OT,2016,,,
4046543,Camaron Cheeseman,LS,2021,2021,6,225
4426901,Leo Chenal,LB,2022,2022,3,103
4256224,Claudin Cherelus,LB,2023,,,
3043228,Demetrius Cherry,DT,2016,,,
2982305,Don Cherry,LB,2016,,,
3910754,Anthony Chesley,CB,2019,,,
2977631,Jehu Chesson,WR,2017,2017,4,139
4367567,Julius Chestnut,RB,2022,,,
2581810,Terrell Chestnut,CB,2016,,,
2579601,Anthony Chickillo,LB,2015,2015,6,212
4685841,Zion Childress,DB,2025,,,
4043169,Jeremy Chinn,SAF,2020,2020,2,64
3929637,Dan Chisena,WR,2020,,,
4695193,Efton Chism III,WR,2025,,,
3122842,Adam Choice,RB,2019,,,
2574808,Robbie Chosen,WR,2016,,,
4040607,Drue Chrisman,P,2021,,,
4256062,Brady Christensen,OT,2021,2021,3,70
2512192,Gerald Christian,TE,2015,2015,7,256
3916414,Geron Christian,OT,2018,2018,3,74
3960454,Marqui Christian,DB,2016,2016,5,167
4036959,Cole Christiansen,LB,2020,,,
3909004,Taryn Christion,QB,2019,,,
3122915,Demarcus Christmas,DT,2019,2019,6,209
3116733,Bradley Chubb,OLB,2018,2018,1,5
2577919,Brandon Chubb,LB,2016,,,
3128720,Nick Chubb,RB,2018,2018,2,35
4690787,Benjamin Chukwuma,OT,2025,,,
3053732,Jordan Chunn,RB,2018,,,
4689804,Jimmy Ciarlo,LB,2024,,,
3045259,Jack Cichy,LB,2018,2018,6,202
4372738,Matthew Cindric,C,2024,,,
4426536,Lewis Cine,SAF,2022,2022,1,32
4361939,Andre Cisco,SAF,2021,2021,3,65
5076652,Brandon Cisse,CB,2026,2026,2,52
4832846,Demond Claiborne,RB,2026,2026,6,198
2510111,Imoan Claiborne,CB,2015,,,
3115387,Will Clapp,C,2018,2018,7,245
4595352,Alijah Clark,DB,2025,,,
3914277,Cameron Clarke,OT,2020,2020,4,129
3045463,Chuck Clark,SAF,2017,2017,6,186
4362636,Damone Clark,LB,2022,2022,5,176
2982484,Darion Clark,TE,2020,,,
4426921,Dean Clark,SAF,2025,,,
2576258,Donavon Clark,G,2016,2016,7,224
2576242,Frank Clark,LB,2015,2015,2,63
4567158,Hudson Clark,SAF,2026,,,
4430262,Bud Clark,SAF,2026,2026,2,64
4569535,Jacob Clark,QB,2026,,,
2977613,Jeremy Clark,CB,2017,2017,6,197
4361049,Jerrod Clark,NT,2023,,,
4429411,Jordan Clark,CB,2025,,,
4426923,Kei'Trel Clark,CB,2023,2023,6,180
3122752,Kenny Clark,NT,2016,2016,1,27
2577631,Le'Raven Clark,OT,2016,2016,3,82
4361820,Macon Clark,SAF,2023,,,
3931763,Michael Clark,WR,2017,,,
4035001,Tyler Clark,DT,2020,,,
2516314,Blaine Clausell,OT,2015,,,
3165311,Cody Clay,OT,2015,,,
2516957,Kaelin Clay,WR,2015,2015,6,184
4371737,Chris Claybrooks,CB,2020,2020,7,223
4046692,Chase Claypool,WR,2020,2020,2,49
5209587,Travis Clayton,OT,2024,2024,7,221
3044687,Cameron Clear,TE,2015,,,
3045260,Corey Clement,RB,2017,,,
3042478,Chunky Clements,DT,2017,,,
2513131,T.J. Clemmings,OT,2015,2015,4,110
4240896,Micheal Clemons,DE,2022,2022,4,117
3916207,Rodney Clemons,SAF,2020,,,
4035002,Ben Cleveland,G,2021,2021,3,94
4685305,Brandon Cleveland,DT,2026,2026,7,229
4048231,Ezra Cleveland,G,2020,2020,2,58
4034964,Tyrie Cleveland,WR,2020,2020,7,252
2514799,Reshard Cliett,OLB,2015,2015,6,211
4259592,Sean Clifford,QB,2023,2023,5,149
4041572,Kameron Cline,DE,2020,,,
4431025,Kevin Cline,OT,2026,,,
4691888,K.J. Cloyd,LB,2024,,,
2574549,Sammie Coates,WR,2015,2015,3,87
4047667,Josiah Coatney,DT,2020,,,
5160391,Michael Coats Jr.,CB,2026,,,
2576303,David Cobb,RB,2015,2015,5,138
4043618,Omari Cobb,LB,2020,,,
3128251,Simmie Cobbs,WR,2018,,,
4362117,Keondre Coburn,DE,2023,2023,6,194
4035270,Devin Cochran,OT,2022,,,
4249766,Jack Cochrane,LB,2022,,,
4240499,Jack Coco,LS,2022,,,
4576069,Brandon Codrington,CB,2024,,,
4047458,Nick Coe,OLB,2020,,,
3039922,Rodney Coe,DT,2016,,,
2512456,Takoby Cofield,OT,2015,,,
4692037,Javion Cohen,G,2024,,,
3066158,Tarik Cohen,RB,2017,2017,4,119
4429430,Andrew Coker,OT,2024,,,
4695883,Jalen Coker,WR,2024,,,
2971699,Adrian Colbert,FS,2017,2017,7,229
4367504,Jordan Colbert,SAF,2024,,,
4431523,Connor Colby,G,2025,2025,7,249
4240333,C.J. Coldon,CB,2023,,,
3686689,AJ Cole,P,2019,,,
3672884,Brian Cole,SAF,2020,2020,7,249
2986109,Dylan Cole,LB,2017,,,
3071572,Keelan Cole,WR,2017,,,
3115972,Mason Cole,C,2018,2018,3,97
4041703,Matt Cole,WR,2020,,,
4365303,Myles Cole,DE,2024,2024,7,236
3125790,Amari Coleman,CB,2018,,,
4685030,Brandon Coleman,G,2024,2024,3,67
2978929,Corey Coleman,WR,2016,2016,1,15
4368812,DJ Coleman,DE,2023,,,
4043132,Douglas Coleman III,DB,2024,,,
4702555,Jonah Coleman,RB,2026,2026,4,108
2577707,Justin Coleman,CB,2015,,,
4635008,Keon Coleman,WR,2024,2024,2,33
4685307,Kevin Coleman Jr.,WR,2026,2026,5,177
2572846,Kyle Coleman,LB,2017,,,
4044519,Larnel Coleman,OT,2021,2021,7,231
3052163,Lavon Coleman,RB,2018,,,
2574573,Shon Coleman,OT,2016,2016,3,76
2979477,Tevin Coleman,RB,2015,2015,3,73
3045642,Xavier Coleman,CB,2017,,,
4429436,Seth Coleman-Lyles,DE,2025,,,
2512652,Henry Coley,LB,2015,,,
3051923,Stacy Coley,WR,2017,2017,7,219
2982880,Trevon Coley,DT,2016,,,
4573473,Ryan Coll,C,2024,,,
4360705,Jack Colletto,FB,2023,,,
4698191,Chris Collier,RB,2024,,,
3116449,L.J. Collier,DE,2019,2019,1,29
3046409,Alex Collins,RB,2016,2016,5,171
4430835,Alfred Collins,DT,2025,2025,2,43
2971556,Aviante Collins,OT,2017,,,
4431210,Beaux Collins,WR,2025,,,
3116695,Cayson Collins,LB,2018,,,
4373268,Chris Collins,LB,2024,,,
2577292,Jalen Collins,CB,2015,2015,2,42
2577302,La'el Collins,OT,2015,,,
2979841,Landon Collins,LB,2015,2015,2,33
3040471,Maliek Collins,DT,2016,2016,3,67
4258173,Nico Collins,WR,2021,2021,3,89
4244606,Zaven Collins,LB,2021,2021,1,16
4035112,Trystan Colon,C,2020,,,
4431212,Junior Colson,LB,2024,2024,3,69
4572704,Branson Combs,LB,2025,,,
4411771,John Cominsky,DE,2019,2019,4,135
4870653,KC Concepcion,WR,2026,2026,1,24
4685326,Josh Conerly Jr.,OT,2025,2025,1,29
3862861,Te'Von Coney,LB,2019,,,
2979534,Jack Conklin,OT,2016,2016,1,8
3915486,Tyler Conklin,TE,2018,2018,5,157
2578533,Chris Conley,WR,2015,2015,3,76
3051391,Gareon Conley,CB,2017,2017,1,24
4426955,Jack Conley,G,2025,,,
3121538,Ryan Connelly,ILB,2019,2019,5,143
4361964,Chamarri Conner,DB,2023,2023,4,119
5151528,Ethan Conner,TE,2026,,,
4431214,Hayden Conner,G,2025,2025,6,211
3045147,James Conner,RB,2017,2017,3,105
4567246,Snoop Conner,RB,2022,2022,5,154
4047422,Tanner Conner,TE,2022,,,
5082269,Dean Connors,RB,2026,,,
2979985,Zach Conque,TE,2017,,,
3915230,C.J. Conrad,TE,2019,,,
4578937,Nik Constantinou,P,2026,,,
3916465,Cody Conway,OT,2019,,,
3928276,C.J. Conway,DB,2015,,,
4431044,Jalin Conyers,TE,2025,,,
4596542,Pat Coogan,C,2026,2026,6,194
4243320,Alex Cook,SAF,2023,,,
4429435,Brady Cook,QB,2025,,,
4247726,Bryan Cook,SAF,2022,2022,2,62
2576261,Connor Cook,QB,2016,2016,4,100
3116593,Dalvin Cook,RB,2017,2017,2,41
4570898,Dylan Cook,OT,2022,,,
4379399,James Cook,RB,2022,2022,2,63
2987210,Kenny Cook,WR,2015,,,
4239773,Rishard Cook,G,2019,,,
3930272,Tim Cook,RB,2017,,,
3115480,Logan Cooke,P,2018,2018,7,247
4241588,Elijah Cooks,WR,2023,,,
3913822,Case Cookus,QB,2022,,,
4047860,Nolan Cooney,P,2022,,,
17130,Travis Coons,K,2015,,,
2976499,Amari Cooper,WR,2015,2015,1,4
4905597,Anez Cooper,G,2026,2026,6,188
3912343,Chris Cooper,DB,2018,,,
4426972,Dalton Cooper,OT,2025,,,
4715355,Darius Cooper,WR,2025,,,
4430438,Edgerrin Cooper,LB,2024,2024,2,45
4081136,Ethan Cooper,G,2017,,,
2574339,Fahn Cooper,OT,2016,2016,5,174
4040608,Jonathon Cooper,LB,2021,2021,7,239
4712462,Keith Cooper Jr.,DE,2025,,,
4723820,Omar Cooper Jr.,WR,2026,2026,1,30
3048897,Pharoh Cooper,WR,2016,2016,4,117
5085881,Ryan Cooper Jr.,DB,2024,,,
3912663,Sam Cooper,G,2021,,,
4429456,Tyler Cooper,G,2025,,,
2578408,Xavier Cooper,DE,2015,2015,3,96
4360233,Jacob Copeland,WR,2023,,,
3914150,Marquise Copeland,DT,2019,,,
3056608,Austin Corbett,G,2018,2018,2,33
4372519,Jashaun Corbin,RB,2022,,,
2980378,Cody Core,WR,2016,2016,6,199
4259980,Yusuf Corker,DB,2022,,,
4613104,Malachi Corley,WR,2024,2024,3,65
4696203,Ajani Cornelius,OT,2025,2025,6,204
3873928,Jashon Cornell,DT,2020,2020,7,235
4362874,Matt Corral,QB,2022,2022,3,94
3042874,Kamalei Correa,OLB,2016,2016,2,42
4426414,Zeke Correll,C,2025,,,
4429096,Blake Corum,RB,2024,2024,3,83
4244717,Bryce Cosby,CB,2022,,,
4262199,Sam Cosmi,OT,2021,2021,2,51
4038987,Doug Costin,DT,2020,,,
4367186,Chase Cota,WR,2023,,,
3057975,Curtis Cothran,DT,2018,,,
2576403,Brandon Cottom,TE,2015,,,
3043274,Eric Cotton,DE,2018,,,
4282647,Jeff Cotton,WR,2020,,,
3925344,Lester Cotton,G,2019,,,
3917812,Nathan Cottrell,RB,2020,,,
4427348,Te'Cory Couch,DB,2024,,,
4034766,Carter Coughlin,LB,2020,2020,7,218
4248504,Isaiah Coulter,WR,2020,2020,5,171
2576229,Blake Countess,CB,2016,2016,6,196
3915823,Keke Coutee,WR,2018,2018,4,103
3926231,Britain Covey,WR,2022,,,
2580666,Christian Covington,DE,2015,2015,6,216
3128252,Chris Covington,LB,2018,2018,6,193
3060134,Rashaad Coward,G,2017,,,
3916922,Byron Cowart,DT,2019,2019,5,159
4575665,Jacob Cowing,WR,2024,2024,4,135
2471470,James Cowser,LB,2016,,,
4361776,Brenton Cox Jr.,DE,2023,,,
2980098,Bryan Cox,DE,2017,,,
3843217,Chandler Cox,FB,2019,2019,7,233
2979535,Demetrious Cox,DB,2017,,,
4426981,Eli Cox,OL,2025,,,
4040940,Jabril Cox,LB,2021,2021,4,115
3914534,Jeremy Cox,FB,2020,,,
4374089,Marques Cox,OT,2025,,,
17058,Rakim Cox,DE,2015,,,
3119215,Anthony Coyle,OT,2018,,,
4044079,Tyler Coyle,SAF,2021,,,
3046323,Zachary Crabtree,OT,2018,,,
3052056,River Cracraft,WR,2017,,,
3049895,Winston Craig,DT,2017,,,
3043215,Su'a Cravens,DB,2016,2016,2,53
3895837,Aaron Crawford,DT,2020,,,
2969946,Antonio Crawford,DB,2017,,,
2576487,Corey Crawford,DE,2015,,,
3042445,James Crawford,LB,2018,,,
4911904,Keyron Crawford,DE,2026,2026,3,67
4430821,Kitan Crawford,SAF,2025,2025,7,225
3860287,Xavier Crawford,DB,2019,2019,6,195
2979612,Ken Crawley,CB,2016,,,
4589212,Jeremy Crawshaw,P,2025,2025,6,216
3119531,Randin Crecelius,G,2018,,,
4426987,Brandon Crenshaw-Dickson,OT,2025,,,
4258244,Harry Crider,C,2021,,,
4432684,Greg Crippen,C,2026,,,
2512610,Rob Crisp,OT,2015,,,
4035102,Damarea Crockett,RB,2019,,,
2973973,Montay Crockett,WR,2017,,,
2986739,John Crockett,RB,2015,,,
4350798,Josh Crockett,WR,2018,,,
4045302,Coy Cronk,OT,2021,,,
2972240,Jason Croom,TE,2017,,,
3916655,Maxx Crosby,DE,2019,2019,4,106
3122687,Tyrell Crosby,G,2018,2018,5,153
4575131,Jacory Croskey-Merritt,RB,2025,2025,7,245
4426376,Charles Cross,OT,2022,2022,1,9
4426992,Howard Cross III,DT,2025,,,
4426403,Nick Cross,SAF,2022,2022,3,96
2586700,Alan Cross,TE,2016,,,
3117135,Keion Crossen,DB,2018,2018,7,243
4429480,Brandon Crossley,CB,2025,,,
2991684,Cole Croston,OT,2017,,,
3915171,Tae Crowder,LB,2020,2020,7,255
2576716,Jamison Crowder,WR,2015,2015,4,105
3039716,Lucas Crowley,C,2017,,,
4431526,Dametrious Crownover,OT,2026,2026,6,196
3125897,Ryan Crozier,C,2019,,,
3931422,Dane Cruikshank,DB,2018,2018,5,152
4361691,Frank Crum,OT,2024,,,
2577606,Eric Crume,DT,2015,,,
4362910,Jaden Crumedy,DT,2024,2024,6,200
4691556,Enrique Cruz,OT,2026,2026,5,179
2976208,Yannik Cudjoe-Virgil,OLB,2015,,,
4876132,Josh Cuevas,TE,2026,2026,5,173
2971426,Sean Culkin,TE,2017,,,
4361112,Devin Culp,TE,2024,2024,7,246
4572261,Elijah Culp,CB,2026,,,
3056899,Korey Cunningham,OT,2018,2018,7,254
4240069,Malik Cunningham,WR,2023,,,
4031151,Myron Cunningham,OT,2022,,,
3051750,Zach Cunningham,ILB,2017,2017,2,57
4426364,Baylor Cupp,TE,2024,,,
4035870,Jake Curhan,OT,2021,,,
4242154,Kam Curl,SAF,2020,2020,7,216
2574756,Justin Currie,LB,2015,,,
4685324,Caden Curry,DE,2026,2026,6,214
4695223,Chase Curtis,TE,2026,,,
4247276,McClendon Curtis,G,2023,,,
4035448,Lloyd Cushenberry III,C,2020,2020,3,83
3124013,Jamal Custis,WR,2019,,,
4038201,Austin Cutting,LS,2019,2019,7,250
4429466,Drake Dabney,TE,2025,,,
5054377,Marcel Dabo,SAF,2022,,,
4036129,Dominique Dafney,TE,2020,,,
2978331,Joe Dahl,C,2016,2016,5,151
4028749,John Daka,DE,2021,,,
4567132,Darrian Dalcourt,G,2024,,,
4431053,Mac Dalena,WR,2026,,,
4259480,Dennis Daley,OT,2019,2019,6,212
4242651,Tae Daley,SAF,2022,,,
4240631,DeeJay Dallas,RB,2020,2020,4,144
4242553,Drew Dalman,C,2021,2021,4,114
3895834,Jalen Dalton,DT,2019,,,
2980138,Scott Daly,LS,2021,,,
4567961,DJ Daniel,CB,2021,,,
3053794,Robertson Daniel,DB,2015,,,
3044725,Trevor Daniel,P,2018,,,
4361003,Braeden Daniels,G,2023,2023,4,118
4605951,CJ Daniels,WR,2026,2026,6,197
3052166,Darrell Daniels,TE,2017,,,
3919607,Darrion Daniels,DL,2020,,,
4596472,Jalon Daniels,QB,2026,,,
3894849,James Daniels,G,2018,2018,2,39
4426348,Jayden Daniels,QB,2024,2024,1,2
4411196,Kahzin Daniels,LB,2019,,,
4595343,Kendal Daniels,LB,2026,2026,4,134
3040143,LeShun Daniels,RB,2017,,,
2969870,Steven Daniels,ILB,2016,2016,7,232
4579564,Anim Dankwah,OT,2024,,,
3915487,Michael Danna,LB,2020,2020,5,177
2094390,Michael Dansby,CB,2026,2026,7,255
4035385,Cameron Dantzler,CB,2020,2020,3,89
2977629,Amara Darboh,WR,2017,2017,3,106
16985,Alden Darby,DB,2015,,,
4047836,Frank Darby,WR,2021,2021,6,187
2969920,Ronald Darby,CB,2015,2015,2,50
4243830,Jaelon Darden,WR,2021,2021,4,129
4696692,Isaac Darkangelo,LB,2023,,,
3912547,Sam Darnold,QB,2018,2018,1,3
2516357,Matt Darr,P,2015,,,
4361985,Christian Darrisaw,OT,2021,2021,1,23
4689114,Jaxson Dart,QB,2025,2025,1,25
3047614,Julie'n Davenport,OT,2017,2017,4,130
3124058,Marcus Davenport,DE,2018,2018,1,14
4242899,DJ Davidson,DT,2022,2022,5,147
4035494,Marlon Davidson,DE,2020,2020,2,47
4746079,Zach Davidson,TE,2021,2021,5,168
4251018,LJ Davis,DB,2024,,,
2577480,Andre Davis,WR,2015,,,
3858271,Ashtyn Davis,SAF,2020,2020,3,68
3048669,Austin Davis,C,2018,,,
2511690,Carl Davis,DT,2015,2015,3,90
3699462,Carlos Davis,DT,2020,2020,7,232
3916923,Carlton Davis III,CB,2018,2018,2,63
2968282,Connor Davis,TE,2020,,,
3042778,Corey Davis,WR,2017,2017,1,5
3933568,Davion Davis,WR,2019,,,
4362477,Derius Davis,WR,2023,2023,4,125
3121578,Deshaun Davis,LB,2019,2019,6,210
4590720,Domenique Davis,DL,2022,,,
3929817,Felton Davis,WR,2019,,,
4243537,Gabe Davis,WR,2020,2020,4,128
2513030,Geremy Davis,WR,2015,2015,6,186
4695404,Isaiah Davis,RB,2024,2024,5,173
5082353,J.C. Davis,OT,2026,2026,6,192
4426435,Jaden Davis,DB,2024,2024,7,226
3125356,Jalen Davis,CB,2018,,,
4046907,Jamal Davis,DE,2019,,,
4240778,Jamin Davis,LB,2021,2021,1,19
3054951,Jarrad Davis,MLB,2017,2017,1,21
3916926,Javaris Davis,CB,2020,,,
3066147,Jawill Davis,WR,2018,,,
2517316,Jesse Davis,G,2016,,,
4696907,Joaquin Davis,WR,2025,,,
4381558,Jordan Davis,DT,2022,2022,1,13
3043216,Justin Davis,RB,2017,,,
5065495,Kaden Davis,WR,2022,,,
4243541,Kalia Davis,DT,2022,2022,6,220
2973627,Keionta Davis,DE,2017,,,
3699530,Khalil Davis,DT,2020,2020,6,194
4240603,Malik Davis,RB,2022,,,
3053795,Michael Davis,CB,2017,,,
3025433,Mike Davis,RB,2015,2015,4,126
4613105,Miles Davis,RB,2026,,,
3120070,Nate Davis,G,2019,2019,3,82
3131775,Tae Davis,LB,2018,,,
4035221,Quartney Davis,WR,2021,,,
4040965,Raekwon Davis,DT,2020,2020,2,56
3049329,Rashard Davis,WR,2017,,,
4429501,Ray Davis,RB,2024,2024,4,128
3043134,Reggie Davis,WR,2017,,,
3042373,Robert Davis,WR,2017,2017,6,209
2976210,Sean Davis,FS,2016,2016,2,58
4579752,Shaquan Davis,WR,2023,,,
4240602,Shawn Davis,SAF,2021,2021,5,165
4726127,Tacario Davis,CB,2026,2026,3,72
5279633,Terrill Davis,WR,2026,,,
2574420,Titus Davis,WR,2015,,,
2573343,Trevor Davis,WR,2016,2016,5,163
3914240,Tyler Davis,TE,2020,2020,6,206
4568217,Tyler Davis,DE,2024,2024,6,196
4241999,Wyatt Davis,G,2021,2021,3,86
3917142,Akeem Davis-Gaither,LB,2020,2020,4,107
4426475,Tyrion Davis-Price,RB,2022,2022,3,93
4688366,Elliott Davison,SAF,2025,,,
3052144,Raymond Davison,LB,2018,,,
2517230,Tyeler Davison,DT,2015,2015,5,154
3052449,Dalyn Dawkins,RB,2018,,,
3051324,Dion Dawkins,OT,2017,2017,2,63
4431060,Nick Dawkins,C,2026,,,
3911689,Noah Dawkins,LB,2019,,,
3115250,Duke Dawson,DB,2018,2018,2,56
2971555,Paul Dawson,LB,2015,2015,3,99
4577735,Denzel Daxon,DE,2024,,,
2516310,Dillon Day,C,2015,,,
2976194,Sheldon Day,DT,2016,2016,4,103
3051711,Matt Dayes,RB,2017,2017,7,252
5155179,Jacob De Jesus,WR,2026,,,
2977180,Clay DeBord,OT,2016,,,
4692796,Nick DeGennaro,WR,2026,,,
4682618,Cooper DeJean,CB,2024,2024,2,40
4427291,Kalen DeLoach,LB,2024,,,
4875379,Dominic DeLuca,LB,2026,,,
3060410,Nick DeLuca,LB,2018,,,
4045699,Ben DeLuca,SAF,2021,,,
2566659,Seth DeValve,TE,2016,2016,4,138
4240391,Tommy DeVito,QB,2023,,,
5225251,Malcolm DeWalt IV,CB,2026,,,
4037626,Divine Deablo,LB,2021,2021,3,80
4689265,Devean Deal,DE,2026,,,
2577828,David Dean,DT,2016,,,
3873935,Jamel Dean,CB,2019,2019,3,94
4426340,Nakobe Dean,LB,2022,2022,3,83
4360235,Trey Dean III,SAF,2023,,,
4241848,Dawson Deaton,C,2022,2022,7,246
2972896,Donte' Deayon,CB,2016,,,
2447736,Andre Debose,WR,2015,2015,7,221
2976292,Taylor Decker,OT,2016,2016,1,16
4361727,Evan Deckers,LS,2023,,,
2985844,Treston Decoud,DB,2017,2017,5,169
4242229,Austin Deculus,OT,2022,2022,6,205
4360859,Justin Dedich,OL,2024,,,
4372499,Branson Deen,DT,2024,,,
3914151,Josiah Deguara,TE,2020,2020,3,94
3121541,Michael Deiter,C,2019,2019,3,78
4565358,Hunter Dekkers,QB,2025,,,
2519069,Ryan Delaire,DE,2015,,,
4039049,Jean Delance,OT,2022,,,
4880124,Mansoor Delane,CB,2026,2026,1,6
3049726,Dee Delaney,DB,2018,,,
4366031,Tank Dell,WR,2023,2023,3,69
4431252,Garrett Dellinger,G,2025,2025,7,243
4702559,Oscar Delp,TE,2026,2026,3,73
4242208,Grant Delpit,SAF,2020,2020,2,44
3120552,Jamil Demby,G,2018,2018,6,192
4362478,Emari Demercado,RB,2023,,,
5091793,Charles Demmings,CB,2026,2026,5,163
4372039,Dontay Demus Jr.,WR,2023,,,
4360538,Trevor Denbow,DB,2022,,,
4569242,Kuony Deng,LB,2022,,,
4567943,Cade Denhoff,LB,2026,,,
3915291,Lukas Denis,DB,2023,,,
4408864,Stephen Denmark,DB,2019,2019,7,238
4429511,SirVocea Dennis,LB,2023,2023,5,153
4685315,Dani Dennis-Sutton,LB,2026,2026,4,120
3046413,A.J. Derby,TE,2015,2015,6,202
4916560,Drew Desjarlais,G,2022,,,
4427068,MJ Devonshire,CB,2024,2024,7,229
3863052,Micah Dew-Treadway,DT,2022,,,
2512459,Jordan Dewalt-Ondijo,LB,2015,,,
4685332,Kam Dewberry,G,2026,,,
4429014,Gervon Dexter Sr.,DT,2023,2023,2,53
4684542,Garrett DiGiorgio,OT,2026,,,
3042468,Christian DiLauro,OT,2018,,,
3895785,Ben DiNucci,QB,2020,2020,7,231
4367555,J.D. DiRenzo,OT,2023,,,
2981193,Ryan DiSalvo,LS,2017,,,
4567403,Mohamoud Diabate,LB,2023,,,
4686334,Yaya Diaby,LB,2023,2023,3,82
4875079,Marcellas Dial Jr.,CB,2024,2024,6,180
4362081,Cameron Dicker,K,2022,,,
3116132,Garrett Dickerson,TE,2018,,,
4035624,Landon Dickerson,G,2021,2021,2,37
3134316,Matt Dickerson,DE,2018,,,
3929851,Michael Dickson,P,2018,2018,5,149
2578470,Xzavier Dickson,OLB,2015,2015,7,253
2971635,J.J Dielman,G,2017,2017,5,176
4035251,Kellen Diesch,OT,2022,,,
2980460,Gehrig Dieter,WR,2017,,,
3886608,Jon Dietzen,G,2021,,,
4429073,Fadil Diggs,DE,2025,2025,7,254
2577553,Quandre Diggs,S,2015,2015,6,200
2969036,Reggie Diggs,WR,2016,,,
2976212,Stefon Diggs,WR,2015,2015,5,146
4040966,Trevon Diggs,CB,2020,2020,2,51
4431268,Chimere Dike,WR,2025,2025,4,103
3127264,Andre Dillard,OT,2019,2019,1,22
4239934,AJ Dillon,RB,2020,2020,2,62
4411192,Brandon Dillon,TE,2019,,,
3843469,Derrick Dillon,WR,2020,,,
2976629,K.J. Dillon,DB,2016,2016,5,159
2971636,Hunter Dimick,DE,2017,,,
4240464,Victor Dimukeje,DE,2021,2021,6,210
3133361,Joe Dineen,LB,2019,,,
4683128,Jack Dingle,LB,2026,,,
4699678,Khalil Dinkins,TE,2026,,,
4596545,CJ Dippre,TE,2025,,,
2574567,Reese Dismukes,G,2015,,,
3127292,Will Dissly,TE,2018,2018,4,120
4035443,Michael Divinity,LB,2020,,,
3121542,D'Cota Dixon,SAF,2019,,,
4250864,Dai'Jean Dixon,WR,2022,,,
4247944,De'Shaan Dixon,DE,2022,,,
3121413,Johnnie Dixon,WR,2019,,,
2971888,Kenneth Dixon,RB,2016,2016,4,134
5011554,Kyle Dixon,WR,2026,,,
4427079,Lance Dixon,LB,2025,,,
2577619,Riley Dixon,P,2016,2016,7,228
5151880,Thaddeus Dixon,CB,2026,,,
2976500,Travell Dixon,DB,2016,,,
4037478,Gerrid Doaks,RB,2021,2021,7,244
4241985,J.K. Dobbins,RB,2020,2020,2,55
3044720,Joshua Dobbs,QB,2017,2017,4,135
2576019,Josh Doctson,WR,2016,2016,1,22
2977682,Kevin Dodd,OLB,2016,2016,2,33
4035232,Tyrel Dodson,LB,2019,,,
3138765,Michael Dogbe,DE,2019,2019,7,249
4693848,Shaun Dolac,LB,2025,,,
3921586,Jake Dolegala,QB,2019,,,
4682758,Tommy Doman Jr.,P,2026,2026,7,239
4034841,JoJo Domann,LB,2022,,,
2584628,Dylan Donahue,LB,2017,2017,5,181
5081999,CJ Donaldson,RB,2026,,,
2970133,Steve Donatell,TE,2017,,,
4569521,Aaron Donkor,LB,2021,,,
2511692,Andrew Donnal,OT,2015,2015,4,119
3112083,Kendall Donnerson,LB,2018,2018,7,248
3045261,Garret Dooley,LB,2018,,,
2574163,Vontarrius Dora,LB,2016,,,
3916338,Drake Dorbeck,OT,2020,,,
2577071,Makinton Dorleant,CB,2016,,,
4427090,Brandon Dorlus,DE,2024,2024,4,109
4037511,Myles Dorn,SAF,2020,,,
5295981,Cameron Dorner,WR,2026,,,
2579604,Phillip Dorsett,WR,2015,2015,1,29
4027919,Khalil Dorsey,CB,2020,,,
4037235,Greg Dortch,WR,2019,,,
3120980,Keelan Doss,WR,2019,,,
2972135,Lorenzo Doss,CB,2015,2015,5,164
4690004,Tykeem Doss,G,2023,,,
4248909,Elijah Dotson,RB,2023,,,
4361409,Jahan Dotson,WR,2022,2022,1,16
3917599,Kevin Dotson,G,2020,2020,4,135
4361432,Romeo Doubs,WR,2022,2022,4,132
2517676,Brandon Doughty,QB,2016,2016,7,223
4869645,Caleb Douglas,WR,2026,2026,3,75
4427095,DeMario Douglas,WR,2023,2023,6,210
2516927,Jamil Douglas,G,2015,2015,4,114
3943270,Rasul Douglas,CB,2017,2017,3,99
4038815,Rico Dowdle,RB,2020,,,
3929818,Andrew Dowell,LB,2019,,,
4250945,Colton Dowell,WR,2023,2023,7,228
4382464,Michael Dowell,SAF,2024,,,
4870706,Caleb Downs,SAF,2026,2026,1,11
3122593,Devante Downs,ILB,2018,2018,7,225
4431534,Ethan Downs,LB,2025,,,
4688813,Josh Downs,WR,2023,2023,3,79
4040812,Sage Doxtater,OT,2022,,,
4038986,Tommy Doyle,OT,2021,2021,5,161
2979843,Kenyan Drake,RB,2016,2016,3,73
2577042,Spencer Drango,G,2016,2016,5,168
2578539,Ray Drew,DE,2015,,,
3932668,Jack Driscoll,OT,2020,2020,4,145
2574630,Jeff Driskel,QB,2016,2016,6,207
4571627,Ethan Driskell,OT,2024,,,
4678010,Kyron Drones,QB,2026,,,
4567240,Dontario Drummond,WR,2022,,,
4363551,Dylan Drummond,WR,2023,,,
2515405,Kurtis Drummond,FS,2015,,,
4879650,Grant DuBose,WR,2023,2023,7,256
3047558,Thomas Duarte,TE,2016,2016,7,231
2576645,B.J. Dubose,DE,2015,2015,6,193
4427103,Storm Duck,CB,2024,,,
3914371,O'Shea Dugas,OT,2019,,,
4427105,Max Duggan,QB,2023,2023,7,239
5086161,Jaden Dugger,LB,2026,2026,5,154
4401811,Kyle Dugger,SAF,2020,2020,2,37
3123226,Jonathan Duhart,WR,2019,,,
3050138,Austin Duke,WR,2017,,,
4427108,Khalid Duke,DE,2024,,,
4367209,Greg Dulcich,TE,2022,2022,3,80
4061956,Ashton Dulin,WR,2019,,,
4576144,Jordan Dunbar,DB,2026,,,
2516049,Quinton Dunbar,CB,2015,,,
3126197,Steven Dunbar,WR,2018,,,
4372058,Jaelyn Duncan,OT,2023,2023,6,186
3916447,Eric Dungey,QB,2019,,,
4431258,Gennings Dunker,G,2026,2026,3,96
3074320,Jessamen Dunker,OT,2017,,,
4361512,William Dunkle,G,2022,,,
4880478,Anthony Dunn,DE,2026,,,
3057534,Casey Dunn,C,2018,,,
4255989,Isaiah Dunn,CB,2021,,,
2976213,Michael Dunn,OT,2018,,,
4689364,Tommy Dunn,DT,2026,,,
4427117,Quindarius Dunnigan,DE,2026,,,
4708621,Kyre Duplessis,WR,2026,,,
3115366,Malachi Dupre,WR,2017,2017,7,247
2576702,Bud Dupree,OLB,2015,2015,1,22
2976557,Travin Dural,WR,2017,,,
3052021,Chris Durant,OT,2018,,,
4384549,Cobie Durant,CB,2022,2022,4,142
4241213,Yasir Durant,OT,2020,,,
4685347,Zane Durant,DT,2026,2026,5,181
4240042,Cory Durden,DT,2023,,,
4370374,David Durden,WR,2023,,,
3140596,Kenneth Durden,DB,2016,,,
5121433,Zach Durfee,DE,2026,2026,7,233
3917329,Landis Durham,LB,2019,,,
3116618,Step Durham,DB,2018,,,
4372505,Payne Durham,TE,2023,2023,5,171
4039050,Devin Duvernay,WR,2020,2020,3,92
4880472,Tyler Duzansky,LS,2026,,,
3120303,Ross Dwelley,TE,2018,,,
4046544,Michael Dwumfour,DT,2021,,,
3894952,Donteea Dye,WR,2015,,,
4038946,Troy Dye,LB,2020,2020,4,132
4574008,Kenny Dyson,LB,2024,,,
4240865,Silas Dzansi,OT,2023,,,
2518789,Nick Dzubnar,LB,2015,,,
2974590,Ed Eagan,WR,2016,,,
4241378,Adrian Ealy,OT,2021,,,
4426330,Jerrion Ealy,RB,2022,,,
4240591,Nick Easley,WR,2019,,,
4431561,Bryson Eason,DT,2026,,,
4035003,Jacob Eason,QB,2020,2020,4,122
2511557,Andrew East,LS,2018,,,
4609203,Deven Eastern,DT,2026,2026,7,242
2507667,Nick Easton,G,2015,,,
3932960,Dominik Eberle,K,2020,,,
4257591,Arnold Ebiketie,LB,2022,2022,2,38
4259169,Trestan Ebner,RB,2022,2022,6,203
4567138,Justin Eboigbe,DT,2024,2024,4,105
3045527,Samson Ebukam,DE,2017,2017,4,125
4567979,Brandin Echols,CB,2021,2021,6,200
4432695,Power Echols,LB,2025,,,
5084956,Ryan Eckley,P,2026,2026,6,211
2565684,Cornelius Edison,C,2015,,,
3119195,Chase Edmonds,RB,2018,2018,4,134
4572922,Chris Edmonds,SAF,2024,,,
3929950,Tremaine Edmunds,MLB,2018,2018,1,16
3124067,Terrell Edmunds,S,2018,2018,1,28
2970090,Trey Edmunds,RB,2017,,,
3701582,Chuma Edoga,OT,2019,2019,3,92
3051926,Gus Edwards,RB,2018,,,
4408979,Austin Edwards,DE,2020,,,
2507340,Ben Edwards,WR,2015,,,
4038818,Bryan Edwards,WR,2020,2020,3,81
3124889,Chris Edwards,DB,2020,,,
3917660,David Edwards,OT,2019,2019,5,169
4431536,Donovan Edwards,RB,2025,,,
2577845,Jahwan Edwards,RB,2015,,,
4243164,Javier Edwards,NT,2019,,,
4695991,Johnathan Edwards,DB,2025,,,
3061740,Lachlan Edwards,P,2016,2016,7,235
2969921,Mario Edwards,DE,2015,2015,2,35
3155647,Mike Edwards,SAF,2019,2019,3,99
4362015,Mike Edwards,OL,2024,,,
3895392,SaQwan Edwards,DB,2015,,,
3121544,T.J. Edwards,LB,2019,,,
4431077,TeRah Edwards,DT,2025,,,
4875786,Tru Edwards,WR,2025,,,
4242214,Clyde Edwards-Helaire,RB,2020,2020,1,32
4567750,Emeka Egbuka,WR,2025,2025,1,19
3914613,Emeke Egbule,LB,2019,2019,6,200
4567410,Kingsley Eguakun,C,2024,,,
2577637,Sam Eguavoen,LB,2019,,,
2576569,Parker Ehinger,G,2016,2016,4,105
4241820,Sam Ehlinger,QB,2021,2021,6,218
4046694,Liam Eichenberg,OT,2021,2021,2,42
4429560,Tommy Eichenberg,LB,2024,2024,5,148
4371940,Milo Eifler,LB,2021,,,
4035376,Greg Eiland,G,2021,,,
4032052,Dieter Eiselen,G,2020,,,
3039783,Duke Ejiofor,LB,2018,2018,6,177
5279356,Paschal Ekeji,DE,2025,,,
3068267,Austin Ekeler,RB,2017,,,
4608604,Wyett Ekeler,SAF,2025,,,
2576969,Ifo Ekpre-Olomu,CB,2015,2015,7,241
3052059,Daniel Ekuale,DT,2018,,,
4427132,Ikem Ekwonu,OT,2022,2022,1,6
4567399,Kaiir Elam,CB,2022,2022,1,23
4594321,Kaleb Elarms-Orr,LB,2026,2026,4,126
3051929,Corn Elder,CB,2017,2017,5,152
2978298,Jake Eldrenkamp,G,2017,,,
4241933,Ayinde Eley,LB,2023,,,
2976295,Pat Elflein,C,2017,2017,3,70
2969922,Ukeme Eligwe,LB,2017,2017,5,183
4873482,Luke Elkin,LS,2025,,,
3930900,Ben Ellefson,TE,2020,,,
3123863,Emmanuel Ellerbee,LB,2018,,,
3929846,DeShon Elliott,SAF,2018,2018,6,190
2575655,DeAndre Elliott,CB,2016,,,
3051392,Ezekiel Elliott,RB,2016,2016,1,4
3050478,Jake Elliott,K,2017,2017,5,153
4046680,Jalen Elliott,DB,2020,,,
3116598,Javien Elliott,CB,2016,,,
4039052,Jordan Elliott,DT,2020,2020,3,88
4911952,Keyshaun Elliott,LB,2026,2026,5,166
2577731,Alex Ellis,TE,2016,,,
3046430,Brooks Ellis,ILB,2017,,,
3124022,Jordan Ellis,RB,2019,,,
4036214,Tino Ellis,DB,2020,,,
4245273,Christian Elliss,LB,2021,,,
4687592,Jonah Elliss,LB,2024,2024,3,76
3124890,Kaden Elliss,LB,2019,2019,7,244
4571771,Noah Elliss,DL,2022,,,
2980380,Trae Elston,SAF,2016,,,
3115303,Jermaine Eluemunor,G,2017,2017,5,159
2508212,Kyle Emanuel,OLB,2015,2015,5,153
4429568,Martin Emerson,CB,2022,2022,3,68
4240120,Emeka Emezie,WR,2022,,,
4034335,Prince Emili,DT,2022,,,
4869523,Nick Emmanwori,SAF,2025,2025,2,35
4040967,B.J. Emmons,RB,2021,,,
4256065,James Empey,C,2022,,,
4362840,Kingsley Enagbare,LB,2022,2022,5,179
5085189,Jack Endries,TE,2026,2026,7,221
4362532,Ikenna Enechukwu,LB,2023,,,
3051876,Evan Engram,TE,2017,2017,1,23
4040870,Kabion Ento,CB,2019,,,
4240585,A.J. Epenesa,LB,2020,2020,2,54
2576642,Aaron Epps,OT,2016,,,
3139368,Marcus Epps,SAF,2019,2019,6,191
2977800,Alex Erickson,WR,2016,,,
3129455,Donnie Ernsberger,TE,2018,,,
4429693,Aireontae Ersery,OT,2025,2025,2,48
2573974,Tyler Ervin,RB,2016,2016,4,119
2512504,Cameron Erving,G,2015,2015,1,19
4043016,Dee Eskridge,WR,2021,2021,2,56
2577585,Durell Eskridge,FS,2015,,,
4429576,James Ester,G,2024,,,
4569682,Audric Estimé,RB,2024,2024,5,147
3039738,Brisly Estime,WR,2017,,,
4030947,Drew Estrada,WR,2022,,,
4240074,Dorian Etheridge,ILB,2021,,,
4880297,Caleb Etienne,OT,2025,,,
4239996,Travis Etienne,RB,2021,2021,1,25
4685350,Trevor Etienne,RB,2025,2025,4,114
3052450,Danny Etling,QB,2018,2018,7,219
2976215,Amba Etta-Tawo,WR,2017,,,
4046520,Nick Eubanks,TE,2021,,,
2516320,Kaleb Eulls,DT,2015,,,
4244607,Akayleb Evans,CB,2022,2022,4,118
3706968,Bobby Evans,G,2019,2019,3,97
4046530,Chris Evans,RB,2021,2021,6,202
4051575,Darren Evans,DB,2022,,,
4036431,Darrynton Evans,RB,2020,2020,3,93
5125875,Ethan Evans,P,2023,2023,7,223
4360491,Joe Evans,LB,2024,,,
3052660,Jordan Evans,OLB,2017,2017,6,193
3895859,Justin Evans,S,2017,2017,2,50
3140151,Justin Evans,OT,2018,,,
4383528,Mark Evans II,OT,2023,,,
3053027,Marwin Evans,DB,2016,,,
4683243,Mitchell Evans,TE,2025,2025,5,163
4042125,Nate Evans,LB,2020,,,
4600389,Nate Evans,CB,2026,,,
4702908,Omari Evans,WR,2026,,,
2512151,Randall Evans,CB,2015,2015,6,196
3126349,Rashaan Evans,ILB,2018,2018,1,22
4685035,Zach Evans,RB,2023,2023,6,215
2510020,Antoine Everett,G,2015,,,
2578692,Deshazor Everett,DB,2015,,,
3918639,Gerald Everett,TE,2017,2017,2,44
4685327,Daylen Everette,CB,2026,2026,3,85
4889929,Quinn Ewers,QB,2025,2025,7,231
3123658,Austin Exford,DB,2019,,,
4243386,Obinna Eze,OT,2022,,,
4339834,Christopher Ezeala,RB,2018,,,
4683848,Donovan Ezeiruaku,LB,2025,2025,2,44
4373280,Joshua Ezeudu,G,2022,2022,3,67
4769880,KC Eziomume,DB,2026,,,
4570883,Josiah Ezirim,OT,2024,2024,7,239
4362186,Erik Ezukanma,WR,2022,2022,4,125
4360964,Daniel Faalele,G,2022,2022,4,110
2566591,Anthony Fabiano,C,2016,,,
2513205,Tayo Fabuluje,OT,2015,2015,6,183
2574229,Kyler Fackrell,LB,2016,2016,3,88
3045458,Brandon Facyson,DB,2018,,,
4429582,Joe Fagnano,QB,2026,,,
2971573,Ka'imi Fairbairn,K,2016,,,
4646773,Dylan Fairchild,G,2025,2025,3,81
4605858,Rivaldo Fairweather,TE,2025,,,
3043224,Nico Falah,C,2018,,,
3060835,Lo Falemaka,C,2019,,,
3052061,Luke Falk,QB,2018,2018,6,199
2517397,Jason Fanaika,LB,2016,,,
5083076,Harold Fannin Jr.,TE,2025,2025,3,67
5080699,Logan Fano,DE,2026,,,
4870723,Spencer Fano,OT,2026,2026,1,9
2583951,George Fant,OT,2016,,,
4036131,Noah Fant,TE,2019,2019,1,20
4242442,Princeton Fant,TE,2023,,,
3060794,Rashard Fant,DB,2018,,,
4242509,Austin Faoliu,DT,2021,,,
4240859,Caleb Farley,CB,2021,2021,1,22
2579840,Matthias Farley,DB,2016,,,
4394894,Andrew Farmer,LB,2023,,,
2570993,George Farmer,RB,2015,,,
4838270,Jalen Farmer,G,2026,2026,4,113
4611993,Joshua Farmer,DT,2025,2025,4,137
4034843,Matt Farniok,G,2021,2021,7,238
4040612,Luke Farrell,TE,2021,2021,5,145
4242234,Neil Farrell,DE,2022,2022,4,126
2576381,Chase Farris,G,2016,,,
3914920,Rojesterman Farris,DB,2021,,,
2575553,Kenneth Farrow,RB,2016,,,
4431809,Olumuyiwa Fashanu,OT,2024,2024,1,11
3045172,Foley Fatukasi,DT,2018,2018,6,180
4259299,Olakunle Fatukasi,ILB,2022,,,
4870707,Keldric Faulk,DE,2026,2026,1,31
4427170,Troy Fautanu,OT,2024,2024,1,20
4035470,Tavien Feaster,RB,2021,,,
2979482,Dan Feeney,G,2017,2017,3,71
2578367,Travis Feeney,OLB,2016,2016,6,220
3674831,Breiden Fehoko,DT,2020,,,
4360739,Simi Fehoko,WR,2021,2021,5,179
4374148,Viliami Fehoko Jr.,DE,2023,2023,4,129
3042455,Clayton Fejedelem,DB,2016,2016,7,245
2512577,Jon Feliciano,G,2015,2015,4,128
4427173,Luke Felix-Fualalo,OT,2025,,,
4575348,Da'Quan Felton,WR,2025,,,
4035826,Demetric Felton,RB,2021,2021,6,211
4565185,Tai Felton,WR,2025,2025,3,102
3924364,Rashad Fenton,CB,2019,2019,6,201
4362841,DeShaun Fenwick,RB,2024,,,
3843470,Blake Ferguson,LS,2020,2020,6,185
2976549,Reid Ferguson,LS,2016,,,
2984816,Isiah Ferguson,WR,2015,,,
4242355,Jake Ferguson,TE,2022,2022,4,129
3122766,Jaylon Ferguson,LB,2019,2019,3,85
3843603,Jazz Ferguson,WR,2019,,,
2576165,Josh Ferguson,RB,2016,,,
4360728,Parker Ferguson,G,2021,,,
4570037,Terrance Ferguson,TE,2025,2025,2,46
3040520,Tyler Ferguson,QB,2017,,,
4062711,Ethan Fernea,WR,2022,,,
3728258,Clelin Ferrell,DE,2019,2019,1,4
4036055,Maurice Ffrench,WR,2020,,,
2582139,Sam Ficken,K,2017,,,
4590292,Thomas Fidone II,TE,2025,2025,7,219
4043137,DaMarcus Fields,DB,2022,,,
4362887,Justin Fields,QB,2021,2021,1,11
3122607,Shay Fields,WR,2018,,,
3728261,Mark Fields,CB,2019,,,
4682648,Malachi Fields,WR,2026,2026,3,74
4245655,Tony Fields II,LB,2021,2021,5,153
4570706,Bruno Fina,OT,2026,,,
3051333,Sharif Finch,LB,2018,,,
3932429,Chris Finke,WR,2020,,,
4427190,AJ Finley,SAF,2023,,,
3042876,Ryan Finley,QB,2019,2019,4,104
2512172,B.J. Finney,G,2015,,,
3049698,Anthony Firkser,TE,2017,,,
4912338,Aiden Fisher,LB,2026,2026,7,243
4432699,Blake Fisher,OT,2024,2024,2,59
2576971,Jake Fisher,OT,2015,2015,2,53
5125341,Joey Fisher,OT,2023,,,
4035641,Paddy Fisher,LB,2021,,,
4242558,Tucker Fisk,TE,2022,,,
4362245,Braden Fiske,DT,2024,2024,2,39
3047582,Kylie Fitts,LB,2018,2018,6,181
4379401,John FitzPatrick,TE,2022,2022,6,213
5151810,Bishop Fitzgerald,SAF,2026,,,
3087801,Nick Fitzgerald,QB,2019,,,
4568263,Ryan Fitzgerald,K,2025,,,
4036026,Dez Fitzpatrick,WR,2021,2021,4,109
3925345,Minkah Fitzpatrick,FS,2018,2018,1,11
3047488,Matt Flanagan,TE,2018,,,
3931424,Demetrius Flannigan-Fowles,LB,2019,,,
4692176,Jeremy Flax,OT,2024,,,
4565297,Dontae Fleming,WR,2025,,,
2979525,Reese Fleming,DB,2017,,,
4746099,Kenny Fletcher Jr.,TE,2026,,,
4241455,Thomas Fletcher,LS,2021,2021,6,222
2969231,Jacob Flores,C,2016,,,
4566157,Luke Floriea,WR,2025,,,
4429607,Cordale Flott,CB,2022,2022,3,81
5083754,Ryan Flournoy,WR,2024,2024,6,216
4917592,Dallis Flowers,CB,2022,,,
3116375,Dimitri Flowers,RB,2018,,,
2969952,Ereck Flowers,G,2015,2015,1,9
4247386,Malik Flowers,WR,2023,,,
3139591,Quinton Flowers,RB,2018,,,
2574519,Trey Flowers,LB,2015,2015,4,101
3046326,Tre Flowers,CB,2018,2018,5,146
4429615,Zay Flowers,WR,2023,2023,1,22
3043136,Leonard Floyd,DE,2016,2016,1,9
16994,David Fluellen,RB,2015,,,
4573428,Tra Fluellen,SAF,2024,,,
2974808,JP Flynn,G,2017,,,
5212228,Kevin Foelsch,TE,2024,,,
4608357,Marshall Foerner,OT,2026,,,
3910156,Drew Forbes,OT,2019,2019,6,189
4429767,Emmanuel Forbes,CB,2023,2023,1,16
3707061,Cody Ford,OT,2019,2019,2,38
4429770,Courtland Ford,OL,2026,,,
2970410,Dontez Ford,WR,2017,,,
3124069,Isaiah Ford,WR,2017,2017,7,237
4566088,Jaylan Ford,LB,2024,2024,5,175
4372019,Jerome Ford,RB,2022,2022,5,156
3051901,Rudy Ford,FS,2017,2017,6,208
4259762,Jonathan Ford,DT,2022,2022,7,234
3125114,Poona Ford,DT,2018,,,
3052662,Keith Ford,RB,2018,,,
3050916,Mike Ford,DB,2018,,,
4243248,Nick Ford,G,2022,,,
4427207,Trace Ford,LB,2025,,,
4362227,Bryce Ford-Wheaton,WR,2023,,,
4683096,Caden Fordham,LB,2026,,,
3125116,D'Onta Foreman,RB,2017,2017,3,89
4427209,Jeff Foreman,WR,2024,,,
4249599,Liam Fornadel,G,2024,,,
4239088,Darrick Forrest,SAF,2021,2021,5,163
2576678,Josh Forrest,LB,2016,2016,6,190
4040714,Miller Forristall,TE,2021,,,
4242503,Alex Forsyth,C,2023,2023,7,257
4034962,Stone Forsythe,OT,2021,2021,6,208
3125402,Austin Fort,TE,2019,,,
2971751,Reshod Fortenberry,G,2015,,,
4035048,Luke Fortner,C,2022,2022,3,65
4408854,Joseph Fortson,TE,2019,,,
4426457,Isaiah Foskey,DE,2023,2023,2,40
2978124,D.J. Foster,RB,2016,,,
4362769,Javon Foster,OT,2024,2024,4,114
4600597,Montorie Foster Jr,WR,2025,,,
3054844,Reuben Foster,OLB,2017,2017,1,31
3054845,Robert Foster,WR,2018,,,
4361008,Cole Fotheringham,TE,2022,,,
4035666,Leki Fotu,DT,2020,2020,4,114
3120659,Daurice Fountain,WR,2018,2018,5,159
3115364,Leonard Fournette,RB,2017,2017,1,4
5160648,Nyzier Fourqurean,CB,2026,,,
2980100,Dante Fowler Jr.,DE,2015,2015,1,3
2515931,Jalston Fowler,RB,2015,2015,4,108
3916370,Jack Fox,P,2019,,,
3059620,Morgan Fox,DE,2016,,,
4568668,Tomari Fox,DL,2024,,,
4037520,Tomon Fox,LB,2022,,,
2576608,Deshon Foxx,WR,2015,,,
3139166,Mitchell Fraboni,LS,2022,,,
4039366,Jacobi Francis,DB,2022,,,
4583937,Benjie Franklin,DB,2022,,,
4035496,John Franklin,WR,2018,,,
4044133,Sam Franklin Jr.,SAF,2020,,,
4431280,Troy Franklin,WR,2024,2024,4,102
3124005,Zaire Franklin,OLB,2018,2018,7,235
3120464,John Franklin-Myers,DE,2018,2018,4,135
3893609,Andrew Franks,K,2015,,,
4034948,Feleipe Franks,TE,2021,,,
3128439,Jordan Franks,TE,2018,,,
3126350,Josh Frazier,DT,2018,2018,7,246
2972505,Kavon Frazier,FS,2016,2016,6,212
4608890,Miles Frazier,G,2025,2025,5,171
2977874,Mose Frazier,WR,2016,,,
4429775,Zach Frazier,C,2024,2024,2,51
4572685,Zah Frazier,CB,2025,2025,5,169
4429636,Blake Freeland,OT,2023,2023,4,106
4870694,Monroe Freeling,OT,2026,2026,1,19
3122672,Royce Freeman,RB,2018,2018,3,71
4361411,Pat Freiermuth,TE,2021,2021,2,55
2576972,Christian French,LB,2017,,,
3916746,Wesley French,C,2022,,,
4565769,Sean Fresch,DB,2026,,,
2575574,Nolan Frese,LS,2016,,,
2976257,Kyle Friend,C,2016,,,
4045176,Will Fries,G,2021,2021,7,248
3886633,Hjalte Froholdt,G,2019,2019,4,118
4240689,Jake Fromm,QB,2020,2020,5,167
2970698,Isaac Fruechte,WR,2015,,,
3048898,Elliott Fry,K,2020,,,
4429782,Josh Fryar,OT,2025,,,
2513206,Alani Fua,LB,2015,,,
4606711,Taliese Fuaga,OT,2024,2024,1,14
4427234,Josh Fuga,DT,2025,,,
3139522,Travis Fulgham,WR,2019,2019,6,184
4039000,Aaron Fuller,WR,2020,,,
4693934,Andre Fuller,CB,2026,2026,7,236
2971574,Devin Fuller,WR,2016,2016,7,238
4040613,Jordan Fuller,SAF,2020,2020,6,199
3045465,Kendall Fuller,CB,2016,2016,3,84
2978933,Kyle Fuller,G,2017,2017,7,243
3052876,Will Fuller,WR,2016,2016,1,21
4035433,Kristian Fulton,CB,2020,2020,2,61
3045264,Troy Fumagalli,TE,2018,2018,5,156
2977609,Devin Funchess,WR,2015,2015,2,41
4367330,Tyrek Funderburk,CB,2024,,,
4036224,Jake Funk,RB,2021,2021,7,233
4038516,Kendall Futrell,DE,2020,,,
4427238,Dillon Gabriel,QB,2025,2025,3,94
4595342,Oronde Gadsden II,TE,2025,2025,5,165
4048717,Rico Gafford,WR,2018,,,
3115378,Russell Gage,WR,2018,2018,6,194
3128707,Lamont Gaillard,C,2019,2019,6,179
4360469,Amari Gainer,LB,2024,,,
2576621,Charles Gaines,CB,2015,2015,6,189
3127294,Greg Gaines,DT,2019,2019,4,134
4038534,Innis Gaines,SAF,2021,,,
5087235,Jalan Gaines,LB,2026,,,
4367199,Jon Gaines II,G,2023,2023,4,122
5084058,Theron Gaines,LB,2026,,,
4371733,Kenny Gainwell,RB,2021,2021,5,150
3921681,Bailey Gaither,WR,2022,,,
3045149,Matt Galambos,LB,2017,,,
4695800,JJ Galbreath,TE,2025,,,
3676832,Tipa Galeai,LB,2020,,,
4242282,Blake Gallagher,LB,2021,,,
2512369,Andy Gallik,C,2015,2015,6,208
3892883,Neville Gallimore,DT,2020,2020,3,82
3045127,Wayne Gallman,RB,2017,2017,4,140
4036348,Michael Gallup,WR,2018,2018,3,81
4373028,Connor Galvin,OT,2023,,,
2971497,Patrick Gamble,DT,2017,,,
4029893,Antonio Gandy-Golden,WR,2020,2020,4,142
4361348,Dallas Gant,LB,2024,,,
3931774,Malik Gant,DB,2019,,,
4426517,Keenan Garber,CB,2025,,,
4242408,Chase Garbers,QB,2022,,,
2972820,Antonio Garcia,OT,2017,2017,3,85
4039170,Elijah Garcia,DE,2022,,,
2512538,Max Garcia,G,2015,2015,4,133
2980586,Jerrol Garcia-Williams,LB,2017,,,
4334300,Dennis Gardeck,LB,2018,,,
4427250,Sauce Gardner,CB,2022,2022,1,4
2974931,Beau Gardner,TE,2015,,,
4696723,Beau Gardner,LS,2026,,,
2972575,Cole Gardner,OT,2017,,,
4031029,Don Gardner,CB,2022,,,
3924316,Ferrod Gardner,SAF,2022,,,
4034953,C.J. Gardner-Johnson,SAF,2019,2019,4,105
4368033,Nick Gargiulo,G,2024,2024,7,256
2515609,Manasseh Garner,TE,2015,,,
4570294,Mekhi Garner,CB,2023,,,
4890885,Ayden Garnes,CB,2026,,,
2978263,Joshua Garnett,G,2016,2016,1,28
4035109,Cale Garrett,LB,2020,,,
4820589,Chris Garrett,LB,2021,2021,7,252
2575381,Keyarris Garrett,WR,2016,,,
3122132,Myles Garrett,DE,2017,2017,1,1
4363101,Eric Garror,CB,2023,,,
4240655,Jonathan Garvin,DE,2020,2020,7,242
4046523,Rashan Gary,LB,2019,2019,1,12
3886818,Myles Gaskin,RB,2019,2019,7,234
3128747,DeMarquis Gates,LB,2022,,,
3116096,Nick Gates,G,2018,,,
2990959,Rico Gathers,TE,2016,2016,6,217
4365981,Izaiah Gathings,WR,2023,,,
3115333,Rashaan Gaulden,DB,2018,2018,3,85
2582402,Quentin Gause,LB,2016,,,
3917868,Tyler Gauthier,C,2019,,,
4249087,Matt Gay,K,2019,2019,5,145
4259804,Willie Gay Jr.,LB,2020,2020,2,63
4243321,Ali Gaye,DE,2023,,,
17156,James Gayle,DE,2015,,,
3915990,Joe Gaziano,DE,2020,,,
2519211,Clayton Geathers,S,2015,2015,4,109
3045212,Ben Gedeon,OLB,2017,2017,4,120
4588298,Jameson Geers,TE,2026,,,
4427267,Kaylon Geiger,WR,2022,,,
3115302,Avery Gennesy,G,2017,,,
4602656,Eric Gentry,LB,2026,,,
3040102,Mason Gentry,G,2018,,,
3043841,Tanner Gentry,WR,2017,,,
3929924,Zach Gentry,TE,2019,2019,5,141
4568661,Brandon George,LB,2025,,,
4242655,Allan George,CB,2022,,,
4433823,Gavin Gerhardt,C,2026,2026,7,235
3040475,Nate Gerry,LB,2017,2017,5,184
3144988,Jake Gervase,LB,2019,,,
3116164,Mike Gesicki,TE,2018,2018,2,42
4687706,Josh Gesky,OT,2026,,,
4249739,Jack Gibbens,LB,2022,,,
4429795,Jahmyr Gibbs,RB,2023,2023,1,12
4360294,Antonio Gibson,RB,2020,2020,3,66
2582086,Deonte Gibson,DE,2016,,,
2512704,Laurence Gibson,OT,2015,2015,7,243
3042417,Shelton Gibson,WR,2017,2017,5,166
4874509,DJ Giddens,RB,2025,2025,5,151
3116097,Luke Gifford,LB,2019,,,
4571826,DaRon Gilbert,LB,2024,,,
3052109,Jimmie Gilbert,LB,2017,,,
4036033,Mark Gilbert,CB,2021,,,
2576755,Reggie Gilbert,DE,2016,,,
3920867,Ulysees Gilbert,LB,2019,2019,6,207
4243808,Zyon Gilbert,DB,2022,,,
3049574,Kennan Gilchrist,LB,2017,,,
3917797,Joe Giles-Harris,LB,2019,,,
4034496,Cam Gill,LB,2020,,,
4361351,Jaelen Gill,WR,2024,,,
4240128,Trenton Gill,P,2022,2022,7,255
5103940,Skyler Gill-Howard,DT,2026,2026,6,205
3936185,Jamie Gillan,P,2019,,,
3122143,Cullen Gillaspia,RB,2019,2019,7,220
4241195,Tyree Gillespie,SAF,2021,2021,4,143
4431547,Kelvin Gilliam,DT,2026,,,
3919555,Nate Gilliam,G,2020,,,
4039505,Reggie Gilliam,RB,2020,,,
4045180,Blake Gillikin,P,2020,,,
4684432,Ashton Gillotte,DE,2025,2025,3,66
4039413,Alohi Gilman,SAF,2020,2020,6,186
3042747,Greg Gilmore,DE,2019,,,
4374338,Steven Gilmore,DB,2023,,,
3914861,Frank Ginda,LB,2023,,,
4248546,Noah Gindorff,TE,2023,,,
3917016,Trevis Gipson,LB,2020,2020,5,155
4427278,Xavier Gipson,WR,2023,,,
3929641,Kevin Givens,DT,2019,,,
3676819,Jeff Gladney,CB,2020,2020,1,31
4240836,Chris Glaser,G,2022,,,
2576245,Graham Glasgow,C,2016,2016,3,95
3929928,Jordan Glasgow,LB,2020,2020,6,213
2977635,Ryan Glasgow,DT,2017,2017,4,138
4686358,Isaia Glass,OT,2026,,,
4606683,DJ Glaze,OT,2024,2024,3,77
2515408,Andrew Gleichert,TE,2015,,,
2972442,Jacoby Glenn,CB,2015,,,
4361904,Travis Glover,OT,2024,2024,6,202
2976632,Mark Glowinski,G,2015,2015,4,134
3115383,Davon Godchaux,DT,2017,2017,5,178
2977636,Matt Godin,DE,2017,,,
5144457,Chukwuebuka Godrick,OT,2023,,,
3929801,Dan Godsil,LS,2020,,,
3116165,Chris Godwin Jr.,WR,2017,2017,3,84
3915174,Terry Godwin,WR,2019,2019,7,237
4380507,Luke Goedeke,OT,2022,2022,2,57
3121023,Dallas Goedert,TE,2018,2018,2,49
3046779,Jared Goff,QB,2016,2016,1,1
4427294,Ralen Goforth,LB,2024,,,
2971575,Randall Goforth,DB,2017,,,
4877652,Jake Golday,LB,2026,2026,2,51
2979584,Malik Golden,DB,2017,,,
2971432,Markus Golden,LB,2015,2015,2,58
4701936,Matthew Golden,WR,2025,2025,1,23
3042907,Zack Golditch,G,2018,,,
2969924,Eddie Goldman,NT,2015,2015,2,39
2974858,Kenny Golladay,WR,2017,2017,3,96
2577390,Senquez Golson,CB,2015,2015,2,56
4036132,Chauncey Golston,DE,2021,2021,3,84
4427298,Matt Goncalves,G,2024,2024,3,79
3157727,Matt Gono,OT,2018,,,
4686772,Christian Gonzalez,CB,2023,2023,1,17
3043234,Zane Gonzalez,K,2017,2017,7,224
2985235,Denzelle Good,G,2015,2015,7,255
3917949,Julian Good-Jones,G,2023,,,
4035857,Cameron Goode,LB,2022,2022,7,224
3127075,Ahmad Gooden,LB,2019,,,
2512996,Antwan Goodley,WR,2015,,,
4372378,Anthony Goodlow,DE,2024,,,
4360318,Mario Goodrich,CB,2022,,,
2576489,B.J. Goodson,MLB,2016,2016,4,109
4429676,Tyler Goodson,RB,2022,,,
3115251,DeAndre Goolsby,TE,2018,,,
4055171,Anthony Gordon,QB,2021,,,
2976546,Dillon Gordon,OT,2016,,,
4361093,Kyler Gordon,CB,2022,2022,2,39
2576434,Melvin Gordon,RB,2015,2015,1,15
4711533,Ollie Gordon II,RB,2025,2025,6,179
4569615,Thomas Gordon,TE,2025,,,
3925346,Derrick Gore,RB,2019,,,
4429805,Frank Gore Jr.,RB,2024,,,
4432215,Stephen Gosnell,WR,2025,,,
3049575,Colby Gossett,G,2018,2018,6,213
4608435,Matt Gotel,NT,2023,,,
2971498,Adam Gotsis,DE,2016,2016,2,63
4429684,Anthony Gould,WR,2024,2024,5,142
4360246,Richard Gouraige,OT,2023,,,
4568981,Tay Gowan,CB,2021,2021,6,223
4368828,Tylan Grable,OT,2024,2024,6,204
3051924,Jermaine Grace,LB,2017,,,
4892333,Alfonzo Graham,RB,2023,,,
4686142,Derrick Graham,OT,2026,,,
3118954,Jaeden Graham,TE,2018,,,
4570410,Jalen Graham,LB,2023,2023,7,255
4873232,Mason Graham,DT,2025,2025,1,5
4262197,Ta'Quon Graham,DT,2021,2021,5,148
4242485,Thomas Graham Jr.,CB,2021,2021,6,228
4044134,Isaiah Graham-Mobley,LB,2022,,,
3918310,Carl Granderson,DE,2019,,,
4700712,Cam Grandy,TE,2024,,,
4039160,Kylen Granson,TE,2021,2021,4,127
4694505,Charles Grant,OT,2025,2025,3,99
2576384,Curtis Grant,LB,2015,,,
4870141,Devin Grant,SAF,2026,,,
2576385,Doran Grant,CB,2015,2015,4,121
2577641,Jakeem Grant,WR,2016,2016,6,186
3047490,Janarion Grant,WR,2018,,,
4042810,Jaydon Grant,SAF,2023,,,
4894654,Kenneth Grant,DT,2025,2025,1,13
4042119,Richie Grant,SAF,2021,2021,2,40
2515934,Corey Grant,RB,2015,,,
2516984,Hroniss Grasu,C,2015,2015,3,71
3894905,Lucas Gravelle,LS,2018,,,
4685355,Aaron Graves,DE,2026,,,
4227184,Alex Gray,TE,2017,,,
4429834,Cedric Gray,LB,2024,2024,4,106
4689546,Danny Gray,WR,2022,2022,3,105
2971543,Deante' Gray,WR,2017,,,
3115949,Derwin Gray,OT,2019,2019,7,219
4037481,Devin Gray,WR,2018,,,
4570561,Eric Gray,RB,2023,2023,5,172
4081129,Geoff Gray,G,2017,,,
5360470,Jarrod Gray,OT,2026,,,
4570485,Joshua Gray,G,2025,,,
3115481,J.T. Gray,DB,2018,,,
4240472,Noah Gray,TE,2021,2021,5,162
4372074,Vincent Gray,DB,2022,,,
4217370,Cyril Grayson,WR,2017,,,
3059719,Davon Grayson,WR,2019,,,
2575660,Garrett Grayson,QB,2015,2015,3,75
2570994,Aaron Green,RB,2016,,,
4038437,A.J. Green,CB,2020,,,
4373266,Antoine Green,WR,2023,2023,7,219
4689674,Art Green,CB,2023,,,
4875266,BJ Green II,DE,2025,,,
4432705,Bryson Green,WR,2025,,,
4240918,Carson Green,OT,2021,,,
2516053,Chaz Green,OT,2015,2015,3,91
3930097,Farrod Green,TE,2020,,,
3115469,Gerri Green,DE,2019,2019,6,199
4878213,Josiah Green,DT,2026,,,
4366710,Juwan Green,WR,2020,,,
4240548,Kendrick Green,G,2021,2021,3,87
4426327,Kenyon Green,G,2022,2022,1,15
3124964,Marcus Green,WR,2019,2019,6,203
4683188,Mike Green,LB,2025,2025,2,59
3912562,Rasheem Green,DE,2018,2018,3,79
4427325,Renardo Green,CB,2024,2024,2,64
4034772,Seth Green,TE,2022,,,
4431325,Taylen Green,QB,2026,2026,6,182
3045128,T.J. Green,DB,2016,2016,2,57
2979825,Tion Green,RB,2017,,,
2971433,Dorial Green-Beckham,WR,2015,2015,2,40
3916409,Jonathan Greenard,LB,2020,2020,3,90
2979845,Brandon Greene,OT,2017,,,
2582006,Darrell Greene,G,2016,,,
4034773,Donnell Greene,OT,2019,,,
4429847,Garrett Greene,WR,2025,,,
4249596,Mike Greene,DT,2022,,,
2576785,Rashad Greene,WR,2015,2015,5,139
3049331,Raven Greene,SAF,2018,,,
4368306,Garret Greenfield,OT,2024,,,
3938169,Ethan Greenidge,OT,2019,,,
3916903,Dre Greenlaw,LB,2019,2019,5,148
4567171,Eric Gregory,DT,2025,,,
3040479,Randy Gregory,LB,2015,2015,2,60
4360864,Antonio Grier Jr.,LB,2024,,,
3115252,Will Grier,QB,2019,2019,3,100
2971233,Trey Griffey,WR,2018,,,
2987440,Garrett Griffin,TE,2016,,,
4429153,Lideatrick Griffin,WR,2024,,,
4374299,Olaijah Griffin,CB,2021,,,
3054029,Shaquem Griffin,OLB,2018,2018,5,141
3054026,Shaquill Griffin,CB,2017,2017,3,90
3930035,Nakia Griffin-Stewart,TE,2020,,,
3908558,Jonas Griffith,LB,2020,,,
2576660,Nicholas Grigsby,LB,2016,,,
4888723,Wesley Grimes,WR,2026,,,
4433830,Luke Grimm,WR,2025,,,
2970038,David Grinnage,TE,2017,,,
2514217,Geneo Grissom,DE,2015,2015,3,97
2572850,Darion Griswold,TE,2016,,,
2977698,Glenn Gronkowski,FB,2016,,,
4695400,Mark Gronowski,QB,2026,,,
4035767,Garrett Groshek,RB,2021,,,
4259594,Yetur Gross-Matos,DE,2020,2020,2,38
3050851,Kamu Grugier-Hill,OLB,2016,2016,6,208
4259619,Blake Grupe,K,2023,,,
2474999,Aaron Grymes,DB,2016,,,
4361448,Daniel Grzesiak,LB,2024,,,
4035167,Jarrett Guarantano,QB,2022,,,
4372561,Isaac Guerendo,RB,2024,2024,4,129
3957439,Nick Guggemos,TE,2021,,,
3843750,Derrius Guice,RB,2018,2018,2,59
4243250,Javelin Guidry,CB,2020,,,
4362706,Stephen Guidry,WR,2020,,,
4685375,Jaylon Guilbeau,CB,2026,,,
4429124,Jacobian Guillory,DT,2026,,,
4695910,Xavier Guillory,WR,2026,,,
4683463,Matt Gulbin,C,2026,2026,6,209
4708238,George Gumbs Jr.,DE,2026,2026,5,156
4241089,Jeffrey Gunter,DE,2022,2022,7,252
2969954,LaDarius Gunter,CB,2015,,,
2507719,Rodney Gunter,DE,2015,2015,4,116
4693208,Patrick Gurd,TE,2026,,,
2977644,Todd Gurley,RB,2015,2015,1,10
4695660,Vitaliy Gurman,OT,2022,,,
5153072,Kapena Gushiken,CB,2026,,,
3912553,Porter Gustin,LB,2019,,,
4842482,Alfredo Gutierrez,OT,2021,,,
5041985,Sebastian Gutierrez,OT,2022,,,
3932430,Jalen Guyton,WR,2019,,,
4609048,Tyler Guyton,OT,2024,2024,1,29
2468550,Obum Gwacham,LB,2015,2015,6,209
4362845,Jovaughn Gwyn,G,2023,2023,7,225
4708490,John Michael Gyllenborg,TE,2026,,,
3043237,Matt Haack,P,2017,,,
3057986,Christian Hackenberg,QB,2016,2016,2,51
2575911,Chris Hackett,FS,2015,,,
4427356,Kamal Hadden,CB,2024,2024,6,211
2573103,Joe Haeg,OT,2016,2016,5,155
4243322,Jake Haener,QB,2023,2023,4,127
3920823,Javon Hagan,DB,2020,,,
4612246,Sahmir Hagans,WR,2026,,,
2520308,Jacob Hagen,DB,2015,,,
4879242,Sam Hagen,OT,2026,,,
2512999,Bryce Hager,OLB,2015,2015,7,224
4686884,Luke Haggard,OT,2023,,,
4373814,Kahlef Hailassie,DB,2023,,,
4242391,Robert Hainsey,OT,2021,2021,3,95
4688931,Maxwell Hairston,CB,2025,2025,1,30
2976259,Nate Hairston,CB,2017,2017,5,158
4274040,Troy Hairston,RB,2022,,,
4682912,Lirim Hajrullahu,K,2020,,,
4361831,Alex Hale,K,2024,,,
3116166,Grant Haley,DB,2018,,,
4602967,Aaron Hall,DT,2026,,,
4427366,Breece Hall,RB,2022,2022,2,36
4037584,Bryce Hall,CB,2020,2020,5,158
3051807,Daeshon Hall,DE,2017,2017,3,77
4261606,Darren Hall,CB,2021,2021,4,108
3895788,Darrin Hall,RB,2019,,,
2986767,Deiondre' Hall,DB,2016,2016,4,127
4567226,Derick Hall,LB,2023,2023,2,37
3924318,Emanuel Hall,WR,2019,,,
4429731,Gabe Hall,DT,2024,,,
4360805,Hassan Hall,RB,2023,,,
2511098,Jimmy Hall,DB,2015,,,
4373632,Jaren Hall,QB,2023,2023,5,164
4243831,Kemon Hall,DB,2019,,,
4360189,Logan Hall,DE,2022,2022,2,33
5142835,Maalik Hall,LB,2023,,,
2578369,Marvin Hall,WR,2016,,,
4600415,Mike Hall Jr.,DT,2024,2024,2,54
3116134,Nate Hall,LB,2019,,,
3050754,P.J. Hall,DT,2018,2018,2,57
2581464,Rannell Hall,WR,2015,,,
5153071,Stephen Hall,CB,2026,,,
3924319,Terez Hall,LB,2019,,,
4873075,TJ Hall,DB,2026,2026,7,219
4048718,Tyler Hall,CB,2020,,,
4373320,Erick Hallett,SAF,2023,2023,6,208
4685369,Gracen Halton,DT,2026,2026,4,107
4012556,C.J. Ham,FB,2016,,,
4241422,Arlington Hambright,G,2020,2020,7,226
3056354,Antonio Hamilton,CB,2016,,,
3915520,DaVon Hamilton,DT,2020,2020,3,73
3057987,DaeSean Hamilton,WR,2018,2018,4,113
4044435,Devery Hamilton,OT,2021,,,
2574009,Justin Hamilton,DT,2015,,,
4575517,Kyle Hamilton,SAF,2022,2022,1,14
4677281,Kyonte Hamilton,DT,2025,2025,7,224
4039075,La'Darius Hamilton,LB,2020,,,
2582456,Ray Hamilton,TE,2015,,,
3115310,Shaun Dion Hamilton,LB,2018,2018,6,197
4431118,Ty Hamilton,DT,2025,2025,5,148
2577392,Woodrow Hamilton,DT,2016,,,
4240380,KJ Hamler,WR,2020,2020,2,46
2517011,Connor Hamlett,TE,2015,,,
4036060,Damar Hamlin,SAF,2021,2021,6,212
4369994,Malik Hamm,LB,2023,,,
4034944,Josh Hammond,WR,2020,,,
3912558,De'Quan Hampton,WR,2021,,,
4361094,Dominique Hampton,LB,2024,2024,5,161
4360773,Nick Hampton,LB,2023,2023,5,161
4685382,Omarion Hampton,RB,2025,2025,1,22
3127367,Saquan Hampton,SAF,2019,2019,6,177
3116135,Blake Hance,G,2019,,,
4596480,Jordan Hancock,CB,2025,2025,5,170
3126352,Da'Shawn Hand,DE,2018,2018,4,114
4259170,Harrison Hand,CB,2020,2020,5,169
4685385,Anthony Hankerson,RB,2026,,,
4575667,Deion Hankins,RB,2025,,,
4240574,Matt Hankins,CB,2022,,,
3922125,Terrill Hanks,LB,2019,,,
2971435,Russell Hansbrough,RB,2016,,,
2971641,Chase Hansen,LB,2019,,,
4033812,Jake Hansen,LB,2022,,,
4569727,Louis Hansen,TE,2026,,,
3066074,Chad Hansen,WR,2017,2017,4,141
4571810,C.J. Hanson,G,2024,2024,7,248
3915139,Jake Hanson,C,2020,2020,6,208
4039467,Tre Harbison,RB,2021,,,
2970625,Justin Hardee,DB,2017,,,
4695783,Myles Harden,CB,2024,2024,7,227
5086027,TJ Harden,RB,2026,,,
3043238,Marcus Hardison,DT,2015,2015,4,135
4035004,Mecole Hardman,WR,2019,2019,2,56
4360787,Anderson Hardy,OT,2024,,,
5086529,Cody Hardy,TE,2026,,,
4429743,Daequan Hardy,CB,2024,2024,6,219
4365629,Daniel Hardy,DE,2022,2022,7,235
4069817,JaQuan Hardy,RB,2021,,,
2518678,Justin Hardy,WR,2015,2015,4,107
2983055,Javon Hargrave,NT,2016,2016,3,89
3054955,Vernon Hargreaves III,CB,2016,2016,1,11
5082660,Alex Harkey,OT,2026,2026,6,206
4240625,Mike Harley Jr.,WR,2022,,,
3045286,Sean Harlow,C,2017,2017,4,136
4682980,Derrick Harmon,DT,2025,2025,1,21
4036163,Kelvin Harmon,WR,2019,2019,6,206
2979652,Eli Harold,LB,2015,2015,3,79
2587811,Sage Harold,LB,2015,,,
2978196,Chris Harper,WR,2015,,,
4038436,Devin Harper,LB,2022,2022,6,193
2976633,Jarrod Harper,DB,2017,,,
4038440,Madre Harper,CB,2020,,,
4569323,Thomas Harper,SAF,2024,,,
3880416,Chase Harrell,TE,2020,,,
4429058,Jaylen Harrell,DE,2024,2024,7,252
3916944,Marquel Harrell,G,2020,,,
3120353,Ajene Harris,DB,2019,,,
2574010,Alonzo Harris,RB,2015,,,
2577814,Anthony Harris,DB,2015,,,
3051852,Charles Harris,LB,2017,2017,1,22
4567099,Christian Harris,LB,2022,2022,3,75
3916590,Chuck Harris,DE,2019,,,
4686612,Tre Harris,WR,2025,2025,2,55
4081808,Connor Harris,LB,2017,,,
3925347,Damien Harris,RB,2019,2019,3,87
3122906,Darius Harris,LB,2019,,,
3047188,Davontae Harris,CB,2018,2018,5,151
4035577,De'Jon Harris,LB,2020,,,
4374496,De'Michael Harris,WR,2020,,,
2972273,De'Vante Harris,CB,2016,,,
3119436,Deion Harris,DB,2019,,,
3052926,Demone Harris,DE,2018,,,
4010714,Erik Harris,FS,2016,,,
3932144,Jacob Harris,WR,2021,2021,4,141
4259370,Jalen Harris,DE,2023,,,
4422407,Jonathan Harris,DT,2019,,,
5125342,Keilahn Harris,WR,2023,,,
4570674,Kevin Harris,RB,2022,2022,6,183
3043110,Marcell Harris,DB,2018,2018,6,184
4573152,Marcus Harris,DT,2024,2024,7,247
4570469,Marcus Harris,CB,2025,2025,6,183
2576868,Maurice Harris,WR,2016,,,
4241457,Najee Harris,RB,2021,2021,1,24
4039016,Nick Harris,C,2020,2020,5,160
3051368,Nigel Harris,LB,2017,,,
2507284,R.J. Harris,WR,2015,,,
3048681,Tim Harris,CB,2019,2019,6,198
3123054,Trent Harris,LB,2018,,,
2970130,Tylor Harris,DE,2016,,,
2969220,Vernon Harris,DB,2016,,,
3915297,Will Harris,SAF,2019,2019,3,81
4692525,Anton Harrison,OT,2023,2023,1,27
3046693,Desmond Harrison,OT,2018,,,
2511809,Jarvis Harrison,G,2015,2015,5,152
4040615,Malik Harrison,LB,2020,2020,3,98
4432708,Marvin Harrison Jr.,WR,2024,2024,1,4
3859006,Ronnie Harrison,LB,2018,2018,3,93
4363046,Tre'Shaun Harrison,WR,2023,,,
4426412,Zach Harrison,DE,2023,2023,3,75
4427401,Jared Harrison-Hunte,DL,2025,,,
4047839,N'Keal Harry,TE,2019,2019,1,32
4699802,Sabastian Harsh,DE,2026,,,
4427404,Cam Hart,CB,2024,2024,5,140
2975364,Derek Hart,LS,2017,,,
3917546,Penny Hart,WR,2019,,,
2576789,Bobby Hart,OT,2015,2015,7,226
3915970,Montre Hartage,CB,2019,,,
4010744,Trevon Hartfield,DB,2016,,,
4361994,Sam Hartman,QB,2024,,,
4035290,Myles Hartsfield,FS,2020,,,
4432237,Gus Hartwig,C,2025,,,
4411193,Deonte Harty,WR,2019,,,
4432709,Ahmari Harvey,DB,2026,,,
4427408,Jahfari Harvey,DE,2025,,,
4239395,Nate Harvey,DE,2019,,,
4568490,RJ Harvey,RB,2025,2025,2,60
3128396,Willie Harvey,LB,2019,,,
2977645,Josh Harvey-Clemons,LB,2017,2017,7,230
4240485,Pressley Harvin III,P,2021,2021,7,254
2516768,Nick Harwell,WR,2015,,,
4040616,Dwayne Haskins,QB,2019,2019,1,15
4372071,Hassan Haskins,RB,2022,2022,4,131
4710422,Ahmed Hassanein,DE,2025,2025,6,196
4264341,J.T. Hassell,DB,2019,,,
3126353,J.C. Hassenauer,C,2018,,,
3928925,JaMycal Hasty,RB,2020,,,
2980061,Keon Hatcher,WR,2017,,,
2509485,Micah Hatchie,OT,2015,,,
3052502,Dominique Hatfield,CB,2017,,,
2971436,Rickey Hatley,NT,2017,,,
4571755,Hogan Hatten,LS,2024,,,
4242006,Blake Haubeil,K,2021,,,
4905664,A.J. Haulcy,SAF,2026,2026,3,78
4040617,Jake Hausmann,TE,2021,,,
2515613,Rob Havenstein,OT,2015,2015,2,57
4245661,Lucas Havrisik,K,2022,,,
4573699,Jackson Hawes,TE,2025,2025,5,173
4258179,Brad Hawkins,DB,2022,,,
4360802,Javian Hawkins,RB,2021,,,
3858276,Jaylinn Hawkins,SAF,2020,2020,4,134
2976554,Jerald Hawkins,OT,2016,2016,4,123
2575523,Josh Hawkins,CB,2016,,,
4036820,Tayler Hawkins,SAF,2022,,,
4686553,Tre Hawkins III,CB,2023,2023,6,209
4571597,Matthew Hayball,P,2024,,,
3916410,Tyler Haycraft,OT,2020,,,
4039028,Daelin Hayes,LB,2021,2021,5,171
4248533,Josh Hayes,DB,2023,2023,6,181
4255984,Kaleb Hayes,DB,2023,,,
3917147,Tae Hayes,DB,2019,,,
4241382,Marquis Hayes,G,2022,2022,7,257
4372091,Ryan Hayes,OT,2023,2023,7,238
3423412,Jarryd Hayne,RB,2015,,,
4362135,Christian Haynes,G,2024,2024,3,81
4611995,Jamal Haynes,RB,2026,,,
4243507,Marcus Haynes,DE,2023,,,
3115456,Marquis Haynes,LB,2018,2018,4,136
3136374,Phil Haynes,G,2019,2019,4,124
4427423,Sincere Haynesworth,C,2024,,,
4047728,Damon Hazelton,WR,2021,,,
2512235,Jake Heaps,QB,2016,,,
4245662,Azizi Hearn,DB,2023,,,
3122851,Taylor Hearn,G,2018,,,
2576267,Joel Heath,DE,2016,,,
4689334,Malik Heath,WR,2023,,,
4239691,Griffin Hebert,WR,2023,,,
4874515,Sam Hecht,C,2026,2026,5,144
3895840,Charlie Heck,OT,2020,2020,4,126
3051369,Bruce Hector,DT,2018,,,
4568308,Lou Hedley,P,2023,,,
2615269,Ben Heenan,G,2015,,,
2577219,Ben Heeney,LB,2015,2015,5,140
4039485,Jack Heflin,DT,2021,,,
4034960,Brett Heggie,C,2021,,,
5081508,Eli Heidenreich,RB,2026,2026,7,230
4432244,Romello Height,DE,2026,2026,3,70
2565969,Taylor Heinicke,QB,2015,,,
2512124,Brock Hekking,LB,2015,,,
4705926,Michael Heldman,DE,2026,,,
4567111,DeMarcco Hellams,SAF,2023,2023,7,224
3115359,Daniel Helm,TE,2019,,,
4686728,Gunnar Helm,TE,2025,2025,4,120
4257216,Matt Hembrough,LS,2023,,,
4688835,Roman Hemby,RB,2026,,,
2580330,Temarrick Hemingway,TE,2016,2016,6,177
4429109,Tonka Hemingway,DT,2025,2025,4,135
4258248,Peyton Hendershot,TE,2022,,,
3919541,Amari Henderson,CB,2020,,,
4695796,Bryce Henderson,OT,2026,,,
3040561,Carlos Henderson,WR,2017,2017,3,82
4240596,C.J. Henderson,CB,2020,2020,1,9
4039359,Darrell Henderson,RB,2019,2019,3,70
2968226,De'Angelo Henderson Sr.,RB,2017,2017,6,203
4685381,Emmanuel Henderson Jr.,WR,2026,2026,6,199
4696820,Jack Henderson,SAF,2025,,,
4427448,LaDarius Henderson,OT,2024,2024,7,249
3895789,Quadree Henderson,WR,2018,,,
3046382,Trayvon Henderson,DB,2018,,,
4432710,TreVeyon Henderson,RB,2025,2025,2,38
3115307,Zay Henderson,DT,2018,,,
3052743,Trey Hendrickson,LB,2017,2017,3,103
3115334,Dewayne Hendrix,DE,2019,,,
2577076,A.J. Hendy,DB,2016,,,
4606194,Seth Henigan,QB,2025,,,
4241597,Daiyan Henley,LB,2023,2023,3,85
4044138,Matt Hennessy,C,2020,2020,3,78
2983155,Thomas Hennessy,LS,2017,,,
4241004,Thomas Hennigan,WR,2022,,,
4429053,A.J. Henning,WR,2025,,,
5348412,Niklas Henning,OT,2026,,,
4242358,Matt Henningsen,DE,2022,2022,6,206
2573419,Mitchell Henry,TE,2015,,,
3043078,Derrick Henry,RB,2016,2016,2,45
3046439,Hunter Henry,TE,2016,2016,2,35
4360308,KJ Henry,DE,2023,2023,5,137
2573307,Marcus Henry,C,2018,,,
3917200,Malik Henry,WR,2019,,,
4032625,Ra'Shaun Henry,WR,2022,,,
5151317,Robert Henry Jr.,RB,2026,,,
2977625,Willie Henry,DT,2016,2016,4,132
3925348,Hale Hentges,TE,2019,,,
4038941,Justin Herbert,QB,2020,2020,1,6
4035886,Khalil Herbert,RB,2021,2021,6,217
4429811,Patrick Herbert,TE,2025,,,
4044438,Nate Herbig,G,2019,,,
4429164,Nick Herbig,LB,2023,2023,4,132
3116195,Cole Herdman,TE,2019,,,
4384683,Kyle Hergel,OL,2024,,,
4685116,DJ Herman,RB,2026,,,
4035733,Grant Hermanns,OT,2021,,,
3042516,Will Hernandez,G,2018,2018,2,34
3123050,Chris Herndon,TE,2018,2018,4,107
3122160,Tre Herndon,CB,2018,,,
2578542,Amarlo Herrera,LB,2015,2015,6,207
4259547,Malik Herring,DE,2021,,,
4427461,Tyron Herring,SAF,2025,,,
5164879,Alan Herron,OT,2026,,,
3042746,Frank Herron,DE,2018,,,
3124112,Justin Herron,G,2020,2020,6,195
3912347,Gavin Heslop,DB,2020,,,
3144991,Parker Hesse,TE,2019,,,
2973027,Treyvon Hester,DT,2017,2017,7,244
2576389,Jeff Heuerman,TE,2015,2015,3,92
4037619,Jarrod Hewitt,DT,2021,,,
3059880,Neville Hewitt,LB,2015,,,
4241961,Connor Heyward,FB,2022,2022,6,208
4360413,Shaka Heyward,LB,2023,,,
4432260,Matthew Hibner,TE,2026,2026,4,133
2515253,Sean Hickey,OT,2015,,,
4569620,Ronnie Hickman Jr.,SAF,2023,,,
4242402,Elijah Hicks,SAF,2022,2022,7,254
4242333,Faion Hicks,CB,2022,2022,7,232
4685232,Jaden Hicks,SAF,2024,2024,4,133
2514270,Jordan Hicks,MLB,2015,2015,3,84
4244768,Julian Hicks,WR,2024,,,
2573401,Tyler Higbee,TE,2016,2016,4,110
3929927,Karan Higdon,RB,2019,,,
4426844,Elijah Higgins,TE,2023,2023,6,197
4565350,Jay Higgins,LB,2025,,,
4877706,Jayden Higgins,WR,2025,2025,2,34
3042910,Rashard Higgins,WR,2016,2016,5,172
4239993,Tee Higgins,WR,2020,2020,2,33
4037333,Alex Highsmith,LB,2020,2020,3,102
4373673,John Hightower,WR,2020,2020,5,168
2573308,Lee Hightower,DB,2016,,,
2968204,Cole Hikutini,TE,2017,,,
3886819,Jared Hilbers,OT,2020,,,
4870805,Anthony Hill Jr.,LB,2026,2026,2,60
2516901,Austin Hill,WR,2015,,,
3116748,B.J. Hill,DE,2018,2018,3,69
4568662,Brandon Hill,SAF,2023,2023,7,248
3125403,Brian Hill,RB,2017,2017,5,156
2574474,Bronson Hill,RB,2015,,,
4426422,Daxton Hill,DB,2022,2022,1,31
3045214,Lano Hill,SAF,2017,2017,3,95
4361787,Trey Hill,C,2021,2021,6,190
2570378,Gordon Hill,DB,2015,,,
3929847,Holton Hill,DB,2018,,,
4427479,Jamal Hill,LB,2024,2024,6,188
3057517,Jaylen Hill,CB,2017,,,
4365395,Julian Hill,TE,2023,,,
4038441,Justice Hill,RB,2019,2019,4,113
3915522,K.J. Hill,WR,2020,2020,7,220
3045222,Khalid Hill,RB,2018,,,
4259805,Kylin Hill,RB,2021,2021,7,256
4046538,Lavert Hill,CB,2020,,,
2575446,Rashod Hill,OT,2016,,,
2468609,Taysom Hill,TE,2017,,,
2525933,Troy Hill,CB,2015,,,
4042141,Trysten Hill,DT,2019,2019,2,58
3116406,Tyreek Hill,WR,2016,2016,5,165
4431133,Xavier Hill,G,2026,,,
4432266,Nikhai Hill-Green,ILB,2026,,,
3052023,Connor Hilland,C,2018,,,
2576437,Darius Hillary,CB,2016,,,
3126246,Dontrell Hilliard,RB,2018,,,
3915523,Justin Hilliard,LB,2021,,,
2577288,Kenny Hilliard,RB,2015,2015,7,235
3122799,Jon Hilliman,RB,2019,,,
3060919,Wes Hills,RB,2019,,,
4431334,Chris Hilton Jr.,WR,2026,,,
2980383,Mike Hilton,CB,2016,,,
3908605,Drew Himmelman,OT,2021,,,
4240909,Anthony Hines III,LB,2021,,,
4362642,Chasen Hines,G,2022,2022,6,210
3040024,D'Juan Hines,LB,2018,,,
3916430,Nyheim Hines,RB,2018,2018,4,104
3915239,Josh Hines-Allen,DE,2019,2019,1,7
4258594,Kurt Hinish,DT,2022,,,
4426583,Christopher Hinton,DT,2022,,,
3700815,Kendall Hinton,WR,2020,,,
4682831,Kyle Hinton,G,2020,2020,7,253
4429000,Myles Hinton,OT,2025,2025,6,191
3120858,Brandon Hitner,OT,2019,,,
4240542,Nate Hobbs,CB,2021,2021,5,167
4036133,T.J. Hockenson,TE,2019,2019,1,8
4240924,Jared Hocker,G,2021,,,
16916,Zach Hocker,K,2015,2014,7,228
4370351,Darius Hodge,LB,2021,,,
3047876,KhaDarel Hodge,WR,2018,,,
5081718,Preston Hodge,CB,2026,,,
4360786,Cooper Hodges,OT,2023,2023,7,226
4242896,Curtis Hodges,TE,2022,,,
3127051,Devlin Hodges,QB,2019,,,
3045466,Temuchin Hodges,TE,2017,2017,6,201
2566598,Zack Hodges,OLB,2015,,,
4242540,Isaiah Hodgins,WR,2020,2020,6,207
4033234,Michael Hoecht,LB,2020,,,
4241087,Brock Hoffman,C,2022,,,
3916449,Sterling Hofrichter,P,2020,2020,7,228
2577128,Kevin Hogan,QB,2016,2016,5,162
4198679,Krishawn Hogan,WR,2017,,,
3863089,Tristen Hoge,G,2021,,,
4049391,Josh Hokit,RB,2020,,,
4429835,George Holani,RB,2024,,,
3040072,Colin Holba,LS,2017,2017,6,213
3116689,Cole Holcomb,LB,2019,2019,5,173
3069758,Ruben Holcomb,OT,2018,,,
4429172,Traeshon Holden,WR,2025,,,
2972351,Will Holden,G,2017,2017,5,157
3117249,Alijah Holder,SAF,2019,,,
4431142,Jimmy Holiday,WR,2025,,,
4373634,Dallin Holker,TE,2024,,,
3916928,Jeff Holland,LB,2018,,,
4373809,Jevon Holland,SAF,2021,2021,2,36
3052527,Nate Holley,DB,2020,,,
4240164,Ralph Holley,DT,2025,,,
2970179,Gerod Holliman,FS,2015,2015,7,239
4249496,Alexander Hollins,WR,2019,,,
3122678,Justin Hollins,LB,2019,2019,5,156
2991662,Mack Hollins,WR,2017,2017,4,118
3115443,Cody Hollister,WR,2017,,,
3125404,Jacob Hollister,TE,2017,,,
3916676,Ka'dar Hollman,CB,2019,2019,6,185
4035105,Christian Holmes,CB,2022,2022,7,240
4242973,Darnay Holmes,CB,2020,2020,4,110
2468368,Gabe Holmes,TE,2015,,,
3121414,Jalyn Holmes,DT,2018,2018,4,102
2982949,Tyrone Holmes,LB,2016,2016,6,181
4421390,Valentine Holmes,RB,2019,,,
4877877,Xavier Holmes,LB,2026,,,
5225091,Yasir Holmes,LB,2026,,,
2971036,Joshua Holsey,CB,2017,2017,7,235
4429951,Reid Holskey,OT,2025,,,
3056906,Johnny Holton,WR,2016,,,
2970262,J.P. Holtz,TE,2016,,,
4035006,Elijah Holyfield,RB,2019,,,
4037457,Travis Homer,RB,2019,2019,6,204
4921249,Colton Hood,CB,2026,2026,2,37
4695653,Delonte Hood,CB,2022,,,
3116690,Elijah Hood,RB,2017,2017,7,242
4431145,Maxen Hook,SAF,2025,,,
4240858,Hendon Hooker,QB,2023,2023,3,68
4036134,Amani Hooker,SAF,2019,2019,4,116
3121415,Malik Hooker,FS,2017,2017,1,15
3042645,Lavon Hooks,DE,2017,,,
3043275,Austin Hooper,TE,2016,2016,3,81
4371344,William Hooper,CB,2023,,,
3918003,Brycen Hopkins,TE,2020,2020,4,136
4567406,Ty'Ron Hopper,LB,2024,2024,3,91
4362847,Jaycee Horn,CB,2021,2021,1,8
4708486,Jimmy Horn Jr.,WR,2025,2025,6,208
4045701,Timmy Horne,DT,2022,,,
4431147,Cam Horsley,DT,2025,,,
3940587,Jesper Horsted,TE,2019,,,
4374066,Dylan Horton,DE,2023,2023,4,109
4608533,E.J. Horton,WR,2026,,,
3916943,Mike Horton,G,2020,,,
4597703,Tory Horton,WR,2025,2025,5,166
4877824,Zach Horton,TE,2025,,,
4260406,Zander Horvath,RB,2022,2022,7,260
4259989,Phil Hoskins,DT,2021,2021,7,232
4294246,Will House,G,2018,,,
4572786,Dennis Houston,WR,2022,,,
4240608,James Houston,LB,2022,2022,6,217
3928926,Jameson Houston,CB,2020,,,
17174,Stephen Houston,RB,2016,,,
2566034,DeAndre Houston-Carson,DB,2016,2016,6,185
3123667,A.J. Howard,DB,2018,,,
3039720,Bug Howard,WR,2017,,,
3060022,Jordan Howard,RB,2016,2016,5,150
3043080,O.J. Howard,TE,2017,2017,1,19
2969958,Tracy Howard,CB,2016,,,
3116424,Travin Howard,LB,2018,2018,7,231
3131498,Tytus Howard,OT,2019,2019,1,23
4429955,Will Howard,QB,2025,2025,6,185
2978935,Xavien Howard,CB,2016,2016,2,38
4360949,Jordan Howden,SAF,2023,2023,5,146
4710752,Cashius Howell,DE,2026,2026,2,41
3122716,Buddy Howell,RB,2018,,,
4426875,Sam Howell,QB,2022,2022,5,144
4243776,Hayden Howerton,G,2022,,,
4248470,J.J. Howland,TE,2022,,,
3124451,Julian Howsare,FB,2015,,,
3115492,Braxton Hoyett,DT,2019,,,
4603089,Aidan Hubbard,LB,2026,,,
4241416,Chuba Hubbard,RB,2021,2021,4,126
3929752,Jonathan Hubbard,OL,2020,,,
3121416,Sam Hubbard,DE,2018,2018,3,77
4690210,Joe Huber,G,2025,,,
2986501,Chris Hubert,WR,2016,,,
4241344,Wyatt Hubert,DE,2021,2021,7,235
4426489,Bryan Hudson,C,2024,,,
4258181,James Hudson,OT,2021,2021,4,110
4685409,Jordan Hudson,WR,2026,,,
4046525,Khaleke Hudson,LB,2020,2020,5,162
4432784,Kyron Hudson,WR,2026,,,
3050481,Tanner Hudson,TE,2018,,,
3675550,Tommy Hudson,TE,2020,,,
2567767,Jacob Huesman,RB,2016,,,
4360853,Talanoa Hufanga,SAF,2021,2021,5,180
4039375,Bryce Huff,DE,2020,,,
3728248,Albert Huggins,DT,2019,,,
4040901,JuJu Hughes,S,2020,,,
3125323,Mike Hughes,DT,2018,,,
3895841,Mike Hughes,CB,2018,2018,1,30
4880861,Parker Hughes,LB,2026,2026,7,240
2576703,Farrington Huguenin,LB,2017,,,
4569609,Evan Hull,RB,2023,2023,5,176
2515545,Mike Hull,LB,2015,,,
4241250,Jacob Hummel,LB,2022,,,
4241385,Creed Humphrey,C,2021,2021,2,63
4039057,Lil'Jordan Humphrey,WR,2019,,,
3126356,Marlon Humphrey,CB,2017,2017,1,16
3957496,Myles Humphrey,LB,2018,,,
2576491,Adam Humphries,WR,2015,,,
2971048,D.J. Humphries,OT,2015,2015,1,24
2577189,Brett Hundley,QB,2015,2015,5,147
2576408,Akeem Hunt,RB,2015,,,
3052094,Cameron Hunt,G,2017,,,
4577189,Jalen Hunt,DL,2026,,,
4571162,Jalyx Hunt,LB,2024,2024,3,94
2971563,Joey Hunt,C,2016,2016,6,215
3059915,Kareem Hunt,RB,2017,2017,3,86
3917592,Robert Hunt,OT,2020,2020,2,39
2976560,Danielle Hunter,DE,2015,2015,3,88
4890074,Erick Hunter,LB,2026,,,
4710341,Jarquez Hunter,RB,2025,2025,4,117
4431551,Lee Hunter,DT,2026,2026,2,49
2578305,Michael Hunter,CB,2016,,,
3045779,Ryan Hunter,G,2018,,,
4685415,Travis Hunter,CB,2025,2025,1,2
4605792,Adin Huntington,DE,2025,,,
4430877,Alex Huntley,DT,2025,,,
4244732,Caleb Huntley,RB,2021,,,
4040790,Jason Huntley,RB,2020,2020,5,172
4035671,Tyler Huntley,QB,2020,,,
3115328,Jalen Hurd,WR,2019,2019,3,67
4429965,Ethan Hurkett,DE,2026,,,
4694237,Max Hurleman,RB,2025,,,
3924365,Hayden Hurst,TE,2018,2018,1,25
4683123,John Hurst,WR,2020,,,
3045220,Maurice Hurst,DT,2018,2018,5,140
5220680,Ted Hurst III,WR,2026,2026,3,84
4040715,Jalen Hurts,QB,2020,2020,2,53
4912185,Jalen Huskey,SAF,2026,2026,3,100
4038828,Sadarius Hutcherson,G,2021,,,
4698181,Quintayvious Hutchins,LB,2026,2026,7,247
4372099,Aidan Hutchinson,DE,2022,2022,1,2
4686422,Xavier Hutchinson,WR,2023,2023,6,205
4431153,Nash Hutmacher,G,2025,,,
4577494,Alijah Huzzie,CB,2025,,,
4692590,Jalin Hyatt,WR,2023,2023,3,73
3728250,Mitch Hyatt,OT,2019,,,
3039968,Ishmael Hyman,WR,2019,,,
4429970,Ruben Hyppolite II,LB,2025,2025,4,132
4240750,Mohamed Ibrahim,RB,2023,,,
2566345,Drew Iddings,DT,2017,,,
2972304,Germain Ifedi,OT,2016,2016,1,31
2515577,Martin Ifedi,DE,2015,2015,7,227
4242516,Noah Igbinoghene,CB,2020,2020,1,30
4832035,Davison Igbinosun,CB,2026,2026,2,62
3045238,Godwin Igwebuike,RB,2018,,,
5150136,Max Iheanachor,OT,2026,2026,1,21
4426440,Siaki Ika,DT,2023,2023,3,98
4035689,Josh Imatorbhebhe,WR,2021,,,
4714157,Thomas Incoom,LB,2023,,,
4361651,Tanner Ingle,SAF,2023,,,
3917668,Alec Ingold,FB,2019,,,
4242227,Ed Ingram,G,2022,2022,2,59
4240059,Ja'Marcus Ingram,CB,2022,,,
4362087,Keaontay Ingram,RB,2022,2022,6,201
4629149,Tyrion Ingram-Dawkins,DT,2025,2025,5,139
3936996,Kendrick Ings,WR,2015,,,
4832793,Olaivavega Ioane,G,2026,2026,1,14
2976263,Matthew Ioannidis,DT,2016,2016,5,152
2517262,Joey Iosefa,FB,2015,2015,7,231
4002774,Iosia Iosia,DE,2016,,,
4368003,Andrei Iosivas,WR,2023,2023,6,206
2577162,David Irving,DT,2015,,,
3043197,Isaiah Irving,LB,2017,,,
4596448,Bucky Irving,RB,2024,2024,4,125
3931391,Trenton Irwin,WR,2019,,,
4426372,Adisa Isaac,LB,2024,2024,3,93
4366534,Keenan Isaac,DB,2023,,,
3914328,Andy Isabella,WR,2019,2019,2,62
3123992,Steve Ishmael,WR,2018,,,
2969959,Danny Isidora,G,2017,2017,5,180
4036831,Keith Ismael,C,2020,2020,5,156
4379769,Qadir Ismail,TE,2024,,,
4039487,Dan Isom,SAF,2022,,,
4570970,Isaiah Iton,DE,2024,,,
3909300,Thomas Ives,WR,2019,,,
4362502,D.J. Ivey,CB,2023,2023,7,246
4605478,Jared Ivey,LB,2025,,,
3043112,Joey Ivie,DT,2017,2017,7,228
2994680,Prince Charles Iworah,CB,2016,2016,7,249
3676763,Cordel Iwuagwu,G,2020,,,
3124779,Joel Iyiegbuniwe,LB,2018,2018,4,115
4372459,Christian Izien,SAF,2023,,,
4429076,Coziah Izzard,DT,2025,,,
3122920,Ryan Izzo,TE,2018,2018,7,250
4837244,Gabe Jacas,LB,2026,2026,2,55
3047566,Myles Jack,MLB,2016,2016,2,36
3120347,Adoree' Jackson,CB,2017,2017,1,18
4036135,Alaric Jackson,OT,2021,,,
4271632,Austin Jackson,OT,2020,2020,1,18
3128698,Bijhon Jackson,DT,2019,,,
2975813,Blake Jackson,WR,2018,,,
2577642,Branden Jackson,DE,2016,,,
4373471,Brennan Jackson,LB,2024,2024,5,154
4373470,Calvin Jackson,WR,2022,,,
4687513,Cam Jackson,DT,2025,2025,5,140
4043605,Chris Jackson,DB,2020,2020,7,243
4565172,Courtney Jackson,WR,2025,,,
4241007,D'Marco Jackson,LB,2022,2022,5,161
3895791,Dane Jackson,CB,2020,2020,7,239
4575115,Dan Jackson,SAF,2025,2025,7,230
2980197,Darius Jackson,RB,2016,2016,6,216
4612836,Darrell Jackson Jr.,DT,2026,2026,4,103
4240455,Deon Jackson,RB,2021,,,
4361282,Dequan Jackson,LB,2023,,,
4685402,Domani Jackson,CB,2026,2026,6,201
3042945,Don Jackson,RB,2016,,,
4431553,Donovan Jackson,G,2025,2025,1,24
3915802,Lucky Jackson,WR,2023,,,
3843769,Donte Jackson,CB,2018,2018,2,55
4035054,Drake Jackson,C,2021,,,
4569511,Drake Jackson,DE,2022,2022,2,61
3054847,Eddie Jackson,FS,2017,2017,4,112
2519377,Edwin Jackson,ILB,2015,,,
4690972,Ja'Quinden Jackson,RB,2025,,,
5160748,JaQuae Jackson,WR,2024,,,
4379775,Jalen Jackson,RB,2024,,,
3121649,J.C. Jackson,DB,2018,,,
4698301,Jermaine Jackson,WR,2024,,,
4427575,Jha'Quan Jackson,WR,2024,2024,6,182
4037459,Joe Jackson,DE,2019,2019,5,165
4569510,John Jackson,WR,2024,,,
3930040,Jonah Jackson,G,2020,2020,3,75
4261090,Jordan Jackson,DT,2022,2022,6,194
3144984,Josh Jackson,CB,2018,2018,2,45
3116136,Justin Jackson,RB,2018,2018,7,251
4361778,Kearis Jackson,WR,2023,,,
4878287,Keondre Jackson,SAF,2025,,,
3916387,Lamar Jackson,QB,2018,2018,1,32
4034849,Lamar Jackson,CB,2020,,,
4432715,Landon Jackson,DE,2025,2025,3,72
4250737,Matthew Jackson,DB,2023,,,
4692680,McKinnley Jackson,DT,2024,2024,3,97
3917853,Mike Jackson,CB,2019,2019,5,158
4568492,Nick Jackson,LB,2025,,,
4036898,Robert Jackson,DB,2018,,,
4361332,Shedrick Jackson,WR,2023,,,
4370933,Storey Jackson,LB,2022,,,
4052031,Tarron Jackson,LB,2021,2021,6,191
4242436,Theo Jackson,DB,2022,2022,6,204
2576792,Tre Jackson,G,2015,2015,4,111
4046715,Trishton Jackson,WR,2020,,,
3916564,Tyree Jackson,TE,2021,,,
4256040,Warren Jackson,WR,2021,,,
3061106,William Jackson,CB,2016,2016,1,24
4429097,Curtis Jacobs,LB,2024,,,
4250935,Demontrey Jacobs,OT,2023,,,
4373578,Jerry Jacobs,CB,2021,,,
4047365,Josh Jacobs,RB,2019,2019,1,24
4912116,Khalil Jacobs,LB,2026,,,
3045267,Leon Jacobs,OLB,2018,2018,7,230
3911895,Michael Jacobson,TE,2021,,,
3917576,Michael Jacquet,DB,2020,,,
4240800,Brenden Jaimes,OT,2021,2021,5,159
3121552,Natrell Jamerson,DB,2018,2018,5,164
3045268,Alec James,DE,2018,,,
3932244,Andre James,OT,2019,,,
2972901,Chanceller James,DB,2017,,,
2575663,Cory James,OLB,2016,2016,6,194
3116058,Craig James,DB,2018,,,
4429891,DJ James,CB,2024,2024,6,192
3691739,Derwin James,FS,2018,2018,1,17
2979590,Jesse James,TE,2015,2015,5,160
4685397,Jordan James,RB,2025,2025,5,147
2986639,Josh James,OT,2017,,,
4430010,LaMareon James,CB,2025,,,
3122899,Richie James,WR,2018,2018,7,240
4685400,Shemar James,LB,2025,2025,5,152
5165139,Keyshawn James-Newby,LB,2026,2026,7,252
4362082,D'Shawn Jamison,DB,2023,,,
5159928,Bobby Jamison-Travis,DT,2026,2026,6,186
4368290,Jaxon Janke,WR,2024,,,
2974317,Andy Janovich,FB,2016,2016,6,176
2576492,Grady Jarrett,DT,2015,2015,5,137
2577889,Kyshoen Jarrett,S,2015,2015,6,181
4429006,Rakim Jarrett,WR,2023,,,
3045154,Tyrique Jarrett,DT,2017,,,
4241963,Kevin Jarvis,G,2023,,,
3049469,Richard Jarvis,LB,2018,,,
2991767,Blake Jarwin,TE,2017,,,
5157075,Isaiah Jatta,OT,2026,,,
4361357,Javontae Jean-Baptiste,LB,2024,2024,7,222
4427588,Jeremiah Jean-Baptiste,LB,2024,,,
4036430,Shemar Jean-Charles,CB,2021,2021,5,178
3929698,Damion Jeanpiere,WR,2019,,,
4890973,Ashton Jeanty,RB,2025,2025,1,6
4362754,Trajan Jeffcoat,DE,2024,,,
2510861,Anthony Jefferson,S,2015,,,
2514517,Cameron Jefferson,OT,2015,,,
4374033,Jermar Jefferson,RB,2021,2021,7,257
4569448,Jordan Jefferson,DT,2024,2024,4,116
4262921,Justin Jefferson,WR,2020,2020,1,22
5150249,Justin Jefferson,LB,2026,2026,5,149
3821576,Malik Jefferson,LB,2018,2018,3,78
2577078,Quinton Jefferson,DE,2016,2016,5,147
3042721,Rickey Jefferson,DB,2018,,,
3930066,Van Jefferson,WR,2020,2020,2,57
4408860,Iseoluwapo Jegede,DT,2019,,,
2972353,Andrew Jelks,OT,2017,,,
3122692,Jalen Jelks,DE,2019,2019,7,241
3049426,Alex Jenkins,DE,2017,,,
4248557,E.J. Jenkins,TE,2023,,,
3115485,Elgton Jenkins,C,2019,2019,2,44
4362650,Jaray Jenkins,WR,2024,,,
2977647,Jordan Jenkins,DE,2016,2016,3,83
4577066,Keonta Jenkins,LB,2025,,,
4432301,Kris Jenkins,DT,2024,2024,2,49
4431172,Patrick Jenkins,DE,2025,,,
2969961,Rayshawn Jenkins,DB,2017,2017,4,113
3957452,Shaneil Jenkins,DE,2016,,,
4038457,Teven Jenkins,G,2021,2021,2,39
3925350,Anfernee Jennings,LB,2020,2020,3,87
3886598,Jauan Jennings,WR,2020,2020,7,217
2577808,Darius Jennings,WR,2015,,,
4372461,Deion Jennings,LB,2024,,,
4360887,Donovan Jennings,OT,2024,,,
3916071,Gary Jennings,WR,2019,2019,4,120
4427600,Terrell Jennings,RB,2024,,,
4248553,Nash Jensen,G,2023,,,
3050534,Lorenzo Jerome,DB,2017,,,
5209093,Michael Jerrell,OT,2024,2024,6,207
4258183,Donovan Jeter,DE,2022,,,
4241463,Jerry Jeudy,WR,2020,2020,1,15
4567529,Gabe Jeudy-Lally,CB,2024,,,
3040150,Josey Jewell,ILB,2018,2018,4,106
4887705,John Jiles,WR,2024,,,
4372020,Josh Jobe,CB,2022,,,
5084849,Kevin Jobity Jr.,DT,2026,,,
4572827,Jake Johanning,G,2024,,,
4045062,Rysen John,TE,2020,,,
4367181,Alex Johnson,DB,2024,,,
2577712,Alexander Johnson,LB,2018,,,
4878878,Amar Johnson,RB,2025,,,
4049301,Anthony Johnson,WR,2019,,,
4361748,Anthony Johnson Jr.,SAF,2023,2023,7,242
4240077,Anthony Johnson,CB,2023,,,
4869579,Chris Johnson,CB,2026,2026,1,27
2517613,Antonio Johnson,OT,2015,,,
4429168,Antonio Johnson,SAF,2023,2023,5,160
2979591,Austin Johnson,NT,2016,2016,2,43
2567879,B.J. Johnson,WR,2017,,,
4035198,Brandon Johnson,WR,2022,,,
4594338,Brandon Johnson,CB,2025,,,
4046184,Brian Johnson,K,2021,,,
4031033,Cade Johnson,WR,2021,,,
4051069,Caleb Johnson,LB,2021,,,
4569383,Caleb Johnson,LB,2023,,,
4362794,Cam Johnson,WR,2024,,,
4430065,Cedric Johnson,DE,2024,2024,6,214
4249400,Cephus Johnson III,WR,2023,,,
3117846,Chris Johnson,SAF,2019,,,
4039043,Collin Johnson,WR,2020,2020,5,165
4426479,Cornelius Johnson,WR,2024,2024,7,253
3115434,Cory Johnson,DT,2016,,,
3139602,D'Ernest Johnson,RB,2019,,,
4240623,DJ Johnson,DE,2023,2023,3,80
3052407,Dakorey Johnson,LB,2015,,,
4682488,Dalton Johnson,SAF,2026,2026,5,150
3141066,Danny Johnson,DB,2018,,,
3957672,Darryl Johnson,OLB,2019,2019,7,225
2508176,David Johnson,RB,2015,2015,3,86
3040009,Denzel Johnson,DB,2017,,,
4362294,Desjuan Johnson,DE,2023,2023,7,259
4240900,Buddy Johnson,LB,2021,2021,4,140
2979206,Devon Johnson,RB,2016,,,
2565729,Devonte Johnson,DB,2016,,,
4689338,Dillon Johnson,RB,2024,,,
3932905,Diontae Johnson,WR,2019,2019,3,66
3045153,Dorian Johnson,G,2017,2017,4,115
4689607,Durrell Johnson,DE,2023,,,
4036822,Dwayne Johnson Jr.,SAF,2021,,,
4362280,Dyontae Johnson,LB,2023,,,
4361437,Emany Johnson,LB,2024,,,
4832955,Emmett Johnson,RB,2026,2026,5,161
4050971,Eric Johnson,DT,2022,2022,5,159
3915106,Fred Johnson,OT,2019,,,
2510547,Isaiah Johnson,DB,2015,,,
2570484,Isaiah Johnson,FS,2016,,,
3126182,Isaiah Johnson,CB,2019,2019,4,129
4367699,Isaiah Johnson,CB,2024,,,
3115349,Jakob Johnson,RB,2019,,,
2979523,Jaleel Johnson,DT,2017,2017,4,109
4371949,Jamar Johnson,SAF,2021,2021,5,164
2517630,Jamel Johnson,WR,2015,,,
4569680,Jamon Johnson,LB,2025,,,
3929644,Jan Johnson,LB,2021,,,
3672862,Jaquan Johnson,DB,2019,2019,6,181
4379405,Jaylen Johnson,WR,2024,,,
4243253,Jaylon Johnson,CB,2020,2020,2,50
4567962,Jermaine Johnson II,DE,2022,2022,1,26
3046292,John Johnson,DB,2017,2017,3,91
3924325,Johnathon Johnson,WR,2020,,,
4242504,Johnny Johnson III,WR,2022,,,
3126095,Jon'Vea Johnson,WR,2019,,,
4390717,Josh Johnson,RB,2021,,,
4361739,Josh Johnson,WR,2022,,,
16080,Josh Johnson,CB,2016,,,
3917292,Justin Johnson,TE,2019,,,
3929645,Juwan Johnson,TE,2020,,,
2582406,Kaleb Johnson,G,2015,,,
4819231,Kaleb Johnson,RB,2025,2025,3,83
5097554,Kameron Johnson,WR,2024,,,
3124537,KeeSean Johnson,WR,2019,2019,6,174
3048701,Keeon Johnson,WR,2017,,,
3916925,Kerryon Johnson,RB,2018,2018,2,43
2511523,Kevin Johnson,CB,2015,2015,1,16
4608810,Tez Johnson,WR,2025,2025,7,235
4693881,Kisean Johnson,WR,2025,,,
3915107,Kylan Johnson,LB,2020,,,
4241302,Kyron Johnson,LB,2022,2022,6,181
2568174,Gus Johnson,RB,2015,,,
4240780,Lonnie Johnson,SAF,2019,2019,2,54
3914155,Lyndon Johnson,DE,2018,,,
2516316,Malcolm Johnson,RB,2015,2015,6,195
4363547,Marcellus Johnson,OT,2024,,,
2971718,Marcus Johnson,WR,2016,,,
4684625,Montrell Johnson Jr.,RB,2025,,,
4043625,Nazeeh Johnson,CB,2022,2022,7,259
4429927,Neal Johnson,TE,2024,,,
3917067,Bisi Johnson,WR,2019,2019,7,247
3910660,P.J. Johnson,DT,2019,2019,7,229
4428991,Paris Johnson Jr.,OT,2023,2023,1,6
4243916,Patrick Johnson,DE,2021,2021,7,234
4371731,Quindell Johnson,DB,2023,,,
3052013,Trey Johnson,CB,2018,,,
2969962,Duke Johnson,RB,2015,2015,3,77
4241135,Raymond Johnson III,DE,2021,,,
3051674,Toby Johnson,DT,2015,,,
3122923,Roderick Johnson,OT,2017,2017,5,160
4426386,Roschon Johnson,RB,2023,2023,4,115
3121003,Taron Johnson,CB,2018,2018,4,121
4429148,Theo Johnson,TE,2024,2024,4,107
3045851,Tre'Von Johnson,LB,2017,,,
3915411,Ty Johnson,RB,2019,2019,6,186
2310331,Tyler Johnson,WR,2020,2020,5,161
3894912,Tyron Johnson,WR,2019,,,
4431405,Tysheem Johnson,SAF,2025,,,
4685408,Will Johnson,CB,2025,2025,2,47
4043606,Willie Johnson,WR,2022,,,
4385430,Xavier Johnson,WR,2024,,,
3930912,Zack Johnson,G,2020,,,
4247347,Zion Johnson,G,2022,2022,1,17
3051397,Cameron Johnston,P,2018,,,
3928928,Clay Johnston,LB,2020,2020,7,234
4429025,Quentin Johnston,WR,2023,2023,1,21
2576975,Tyler Johnstone,OT,2016,,,
4241008,Shaun Jolly,DB,2022,,,
4912052,Justin Joly,TE,2026,2026,5,152
4240405,Kingsley Jonathan,DE,2022,,,
3042519,Aaron Jones,RB,2017,2017,5,182
2982761,Andy Jones,WR,2016,,,
3051458,Alvin Jones,LB,2018,,,
4249214,Andre Jones Jr.,LB,2023,2023,7,233
4682830,Andrew Jones,G,2020,,,
4035299,Benito Jones,DT,2020,,,
4039059,Brandon Jones,SAF,2020,2020,3,70
4251007,Braxton Jones,OT,2022,2022,5,168
4039299,Braylon Jones,G,2021,,,
3173563,Brett Jones,C,2015,,,
4428990,Broderick Jones,OT,2023,2023,1,14
2969856,Bryce Jones,DB,2017,,,
2513035,Byron Jones,CB,2015,2015,1,27
4258246,Caleb Jones,OT,2022,,,
4371959,Cam Jones,LB,2023,,,
2976299,Cardale Jones,QB,2016,2016,4,139
4569428,Carl Jones,LB,2024,,,
4881826,Cash Jones,RB,2026,,,
2971719,Cayleb Jones,WR,2016,,,
3126263,Charles Jones,TE,2019,,,
4257188,Charlie Jones,WR,2023,2023,4,131
4362103,Christian Jones,OT,2024,2024,5,162
4686368,Christian Jones,OT,2026,,,
3044859,Chris Jones,DE,2016,2016,2,37
3116104,Chris Jones,DB,2018,,,
2573947,Lenny Jones,DE,2016,,,
2979849,Cyrus Jones,CB,2016,2016,2,60
3917792,Daniel Jones,QB,2019,2019,1,6
3894915,D.J. Jones,DT,2017,2017,6,198
2969018,David Jones,DB,2017,,,
4427637,Dawand Jones,OT,2023,2023,4,111
2976545,Deion Jones,LB,2016,2016,2,52
3051880,Derrick Jones,CB,2017,2017,6,204
4572519,Dom Jones,CB,2025,,,
3915525,Dre'Mont Jones,LB,2019,2019,3,71
4360203,Elijah Jones,CB,2024,2024,3,90
4685736,Emery Jones Jr.,OT,2025,2025,3,91
4360230,Emory Jones,QB,2024,,,
4362851,Ernest Jones,LB,2021,2021,3,103
3059722,Zay Jones,WR,2017,2017,2,37
2978065,JT Jones,DE,2017,,,
4329471,J.J. Jones,WR,2018,,,
4035686,Jack Jones,CB,2022,2022,4,121
5083297,Jacoby Jones,WR,2025,,,
3045565,Jamaal Jones,WR,2017,,,
3121417,Jamarco Jones,OT,2018,2018,5,168
4046688,Jamir Jones,LB,2021,,,
3892776,Jarnor Jones,DB,2017,,,
4426448,Jarrian Jones,CB,2024,2024,3,96
2980142,Jarron Jones,OT,2017,,,
4047655,Jaylon Jones,DB,2022,,,
4685145,Jaylon Jones,DB,2023,2023,7,221
4431184,Jayson Jones,DT,2025,,,
4360637,Jeshaun Jones,WR,2024,,,
2971027,Jonathan Jones,DB,2016,,,
2974344,Joe Jones,LB,2017,,,
3914630,Josh Jones,OT,2020,2020,3,72
3051716,Josh Jones,S,2017,2017,2,61
3116746,Justin Jones,DT,2018,2018,3,84
4040621,Keandre Jones,LB,2020,,,
4035375,Kobe Jones,LB,2021,,,
4259636,Vi Jones,LB,2022,,,
4686907,Logan Jones,C,2026,2026,2,57
4256041,Stephen Jones,DE,2022,,,
4241720,Marcus Jones,CB,2022,2022,3,85
4685425,Marvin Jones Jr.,LB,2026,,,
2980105,Matt Jones,RB,2015,2015,3,95
4361363,Matthew Jones,G,2024,,,
4241464,Mac Jones,QB,2021,2021,1,15
4568505,Mikel Jones,LB,2023,,,
4046716,Naquan Jones,DT,2021,,,
4688371,Nash Jones,G,2025,,,
3039721,Nazair Jones,DT,2017,2017,3,102
4427636,Nic Jones,CB,2023,2023,7,250
4036063,Patrick Jones II,LB,2021,2021,3,90
4570495,Robert Jones,G,2021,,,
5083509,Rohan Jones,TE,2026,,,
3912550,Ronald Jones,RB,2018,2018,2,38
4241387,Ryan Jones,TE,2023,,,
4603189,Sai'vion Jones,DE,2025,2025,3,101
3128790,Sam Jones,G,2018,2018,6,183
3127299,Sidney Jones,CB,2017,2017,2,43
4373830,Steven Jones,G,2024,,,
2576268,Taiwan Jones,LB,2015,,,
2586703,Tevin Jones,WR,2016,,,
4245131,Tim Jones,WR,2021,,,
4046676,Tony Jones,RB,2020,,,
4362139,Travis Jones,DT,2022,2022,3,76
4367828,Truman Jones,DE,2023,,,
3116735,Tyler Jones,G,2019,,,
4260443,Tyreque Jones,DB,2023,,,
4035693,Velus Jones Jr.,WR,2022,2022,3,71
3916209,Xavier Jones,RB,2020,,,
3894939,Harold Jones-Quartey,DB,2015,,,
3045160,Jaryd Jones-Smith,OT,2019,,,
3886836,Travis Jonsen,WR,2020,,,
4362504,Brevin Jordan,TE,2021,2021,5,147
4429939,Jawhar Jordan,RB,2024,2024,6,205
3961462,Mike Jordan,CB,2016,,,
4040622,Mike Jordan,G,2019,2019,4,136
4569604,Brandon Joseph,S,2023,,,
2981862,Dieugot Joseph,OT,2017,,,
3975763,Greg Joseph,K,2018,,,
2976639,Karl Joseph,FS,2016,2016,1,14
4362629,Kelvin Joseph,CB,2021,2021,2,44
4360383,Kerby Joseph,SAF,2022,2022,3,97
4294837,Michael Joseph,CB,2018,,,
3916585,Roubbens Joseph,OT,2018,,,
4034945,Vosean Joseph,LB,2019,2019,5,147
3047495,Sebastian Joseph-Day,DT,2018,2018,6,195
5081392,Joshua Josephs,LB,2026,2026,5,147
4430111,Jah Joyner,DE,2026,,,
3128756,Akeem Judd,RB,2017,,,
4685702,Quinshon Judkins,RB,2025,2025,2,36
3961466,Matthew Judon,OLB,2016,2016,5,146
4429946,PJ Jules,SAF,2024,,,
3930067,Jalen Julius,DB,2021,,,
3115352,Colton Jumper,LB,2019,,,
4400960,Gregory Junior,CB,2022,2022,6,197
4361178,Cam Jurgens,C,2022,2022,2,51
4362010,Michael Jurgens,G,2024,2024,7,230
3916744,Luke Juriga,C,2020,,,
3123048,Brad Kaaya,QB,2017,2017,6,215
4880236,Will Kacmarek,TE,2026,2026,3,87
4361090,Ale Kaho,LB,2025,,,
4240026,Joshua Kaindoh,DE,2021,2021,4,144
3043276,Peter Kalambayi,LB,2018,2018,6,214
4432722,Athan Kaliakmanis,QB,2026,2026,7,223
4916349,Nikola Kalinic,TE,2022,,,
2977624,Kyle Kalis,C,2017,,,
4569547,Nick Kallerup,TE,2025,,,
2971499,Francis Kallon,DE,2017,,,
4430114,Josh Kaltenberger,C,2025,,,
3116105,Joshua Kalu,DB,2018,,,
3051940,Ufomba Kamalu,DE,2016,,,
3054850,Alvin Kamara,RB,2017,2017,3,67
4360328,Azur Kamara,DE,2020,,,
4432325,Bangally Kamara,LB,2026,,,
4696051,Mikail Kamara,DE,2026,,,
4427677,Mohamed Kamara,LB,2024,2024,5,158
4033855,Sam Kamara,DT,2021,,,
4038952,Hunter Kampmoyer,TE,2021,,,
4877034,Jaren Kanak,TE,2026,2026,7,225
4427673,Calijah Kancey,DT,2023,2023,1,19
4430118,Sanoussi Kane,SAF,2024,2024,7,250
3050022,Chad Kanoff,QB,2018,,,
4039029,Khalid Kareem,LB,2020,2020,5,147
4426659,George Karlaftis,DE,2022,2022,1,30
2576188,Ted Karras,G,2016,2016,6,221
4566192,Joshua Karty,K,2024,2024,6,209
2578698,Drew Kaser,P,2016,2016,6,179
2577460,Nila Kasitati,G,2016,,,
3912487,Matt Kaskey,OT,2019,,,
4047518,Kevin Kassis,WR,2022,,,
5225419,Kolbe Katsis,WR,2026,,,
4819215,Josh Kattus,TE,2026,,,
2980444,Bronson Kaufusi,TE,2016,2016,3,70
2970513,Corbin Kaufusi,OT,2019,,,
2976099,Damontae Kazee,S,2017,2017,5,149
4430121,Aidan Keanaaina,DT,2026,,,
3045130,Jayron Kearse,S,2016,2016,7,244
4427140,Trevor Keegan,G,2024,2024,5,172
3049043,Stacy Keely,DE,2019,,,
4431414,Tim Keenan III,DT,2026,2026,7,232
4240861,Dalton Keene,TE,2020,2020,3,101
5178972,Jakobie Keeney-James,WR,2025,,,
3916742,John Keenoy,C,2019,,,
2573948,Bryson Keeton,CB,2016,,,
4329472,Nick Keizer,TE,2018,,,
3917340,Kingsley Keke,DE,2019,2019,5,150
4700756,Jaden Keller,LB,2026,,,
3910544,Joshua Kelley,RB,2020,2020,4,112
2575408,Rob Kelley,RB,2016,,,
2977665,Chad Kelly,QB,2017,2017,7,253
3122925,Derrick Kelly,OT,2019,,,
4876380,Jack Kelly,LB,2026,2026,6,193
3052169,Jermaine Kelly,DB,2018,2018,7,222
3915381,John Kelly,RB,2018,2018,6,176
4575558,Josh Kelly,WR,2025,,,
3139926,Kam Kelly,FS,2019,,,
4427695,Kyu Blu Kelly,CB,2023,2023,5,157
4726151,Nyjalik Kelly,DE,2026,,,
4701951,Omari Kelly,WR,2026,,,
2578475,Ryan Kelly,C,2016,2016,1,18
4035467,Xavier Kelly,DT,2021,,,
3040065,Keith Kelsey,LB,2017,,,
4408915,Brandon Kemp,OT,2020,,,
4036258,Carlo Kemp,LB,2021,,,
3046399,Marcus Kemp,WR,2017,,,
4567802,Drew Kendall,C,2025,2025,5,168
5143279,Anthony Kendall,CB,2023,,,
4360307,Derion Kendrick,CB,2022,2022,6,212
2510863,Eric Kendricks,MLB,2015,2015,2,45
5083167,Murvin Kenion,SAF,2026,,,
4432333,Kyle Kennard,LB,2025,2025,4,125
3126997,Tom Kennedy,WR,2019,,,
4608004,Donte Kent,CB,2025,2025,7,229
2577727,Kyler Kerbyson,OT,2016,,,
2576236,Joe Kerridge,FB,2016,,,
2577243,Cody Kessler,QB,2016,2016,3,93
4046164,Alex Kessman,K,2021,,,
3843843,Arden Key,DE,2018,2018,3,87
4685424,Dane Key,WR,2026,,,
4037559,Devon Key,SAF,2021,,,
4363417,Jaylen Key,SAF,2024,2024,7,257
2576461,Josh Keyes,LB,2015,,,
4040652,Bopete Keyes,CB,2020,2020,7,237
4429185,Austin Keys,LB,2025,,,
4426399,Ramel Keyton,WR,2024,,,
4832914,Jimmy Kibble,WR,2026,,,
4240911,Jacob Kibodi,RB,2024,,,
4047523,Lewis Kidd,G,2022,,,
2982936,Caleb Kidder,DE,2017,,,
3051650,Darvin Kidsy,WR,2018,,,
4034779,Ko Kieft,TE,2022,2022,6,218
4567135,Amari Kight,OT,2025,,,
2509488,Hau'oli Kikaha,OLB,2015,2015,2,44
2512544,Darius Kilgo,NT,2015,2015,6,203
5076951,Jalon Kilgore,SAF,2026,2026,5,167
2575164,Miles Killebrew,SAF,2016,2016,4,111
3054031,D.J. Killings,CB,2017,,,
4042112,Adrian Killins Jr.,RB,2020,,,
4696488,Easton Kilty,OT,2025,,,
4430819,Jalen Kimber,CB,2025,,,
4385690,Dalton Kincaid,TE,2023,2023,1,25
4596363,Kamren Kinchens,SAF,2024,2024,3,99
4035008,Solomon Kindley,G,2020,2020,4,111
2971550,Derrick Kindred,CB,2016,2016,4,129
4431431,Corey Kiner,RB,2025,,,
2509574,Akeem King,CB,2015,2015,7,249
3051905,Brandon King,LB,2015,,,
2978523,Chris King,WR,2016,,,
4039300,D'Eriq King,QB,2022,,,
2978411,Deon King,LB,2016,,,
3040145,Desmond King,DB,2017,2017,5,151
4428993,Haynes King,QB,2026,,,
2977770,Jason King,G,2017,,,
4431433,Kalen King,CB,2024,2024,7,255
3052170,Kevin King,CB,2017,2017,2,33
4588300,Kobe King,LB,2025,2025,6,201
5302260,Niles King,DE,2026,,,
4373474,Jarrett Kingston,OT,2024,2024,6,215
4259491,Javon Kinlaw,DT,2020,2020,1,14
4362611,Darian Kinnard,G,2022,2022,5,145
4057082,Mason Kinsey,WR,2020,,,
2969965,Raphael Kirby,ILB,2016,,,
3895856,Christian Kirk,WR,2018,2018,2,47
3908608,Luther Kirk,DB,2020,,,
3046434,Denver Kirkland,G,2016,,,
4243324,Jaxson Kirkland,G,2023,,,
4242209,Jontre Kirklin,WR,2023,,,
3046401,Keith Kirkwood,WR,2018,,,
2979850,Korren Kirven,OT,2017,,,
4427716,Jack Kiser,LB,2025,2025,4,107
3048692,Micah Kiser,LB,2018,2018,5,147
3040151,George Kittle,TE,2017,2017,5,146
3129302,DeShone Kizer,QB,2017,2017,2,52
4833029,Max Klare,TE,2026,2026,2,61
4362066,Elijah Klein,G,2024,2024,6,220
4695705,Marlin Klein,TE,2026,2026,2,59
2574396,John Kling,OT,2017,,,
4685413,Cade Klubnik,QB,2026,2026,4,110
4258595,Cole Kmet,TE,2020,2020,2,43
2974240,Andreas Knappe,OT,2017,,,
4429996,Marshawn Kneeland,DE,2024,2024,2,56
3929795,Brandon Knight,OT,2019,,,
4427729,Demetrius Knight Jr.,LB,2025,2025,2,49
4036219,Qwuantrezz Knight,SAF,2022,,,
2976593,Trevor Knight,QB,2017,,,
4686540,Tyrice Knight,LB,2024,2024,4,118
4427728,Bam Knight,RB,2022,,,
4241256,Josh Knipfel,OT,2020,,,
4602648,Kevin Knowles,DB,2025,,,
4373077,Malik Knowles,WR,2023,,,
3930086,Dawson Knox,TE,2019,2019,3,96
3121419,Demetrius Knox,G,2019,,,
4363528,Tanner Knue,WR,2024,,,
4240781,Bryant Koback,RB,2022,,,
2582419,Marshall Koehn,K,2017,,,
4291489,Kader Kohou,CB,2022,,,
4241263,Charlie Kolar,TE,2022,2022,4,128
2980597,Leo Koloamatangi,C,2017,,,
3043198,Jeremiah Kolone,C,2018,,,
5083656,Bilhal Kone,CB,2025,2025,6,178
4698109,Rene Konga,DE,2026,,,
4035166,Jonathan Kongbo,DE,2022,,,
3049899,Younghoe Koo,K,2017,,,
4239719,Malcolm Koonce,DE,2021,2021,3,79
3138835,Tejan Koroma,C,2018,,,
3910287,J.J. Koski,WR,2020,,,
2515944,Arie Kouandjio,G,2015,2015,4,112
2579846,Ben Koyack,TE,2015,2015,7,229
4917427,Tanner Koziol,TE,2026,2026,5,164
2982313,Tanoh Kpassagnon,DE,2017,2017,2,59
4046691,Tommy Kraemer,G,2021,,,
4572680,Tucker Kraft,TE,2023,2023,3,78
3046780,Kyle Kragen,LB,2016,,,
4047178,Doug Kramer,C,2022,2022,6,207
17304,Casey Kreiter,LS,2016,,,
4709386,Josh Kreutz,C,2026,,,
5277116,Lenny Krieg,K,2025,,,
3144999,Henry Krieger-Coble,TE,2016,,,
4570033,Kai Kroeger,P,2025,,,
2582410,Tyler Kroft,TE,2015,2015,3,85
4372463,Jamree Kromah,DE,2024,,,
4360231,Lucas Krull,TE,2022,,,
3916584,Evin Ksiezarczyk,OT,2021,,,
4383405,Jake Kubas,G,2024,,,
3043143,Brandon Kublanow,C,2017,,,
2584606,Tyler Kuder,DT,2016,,,
2577854,Anthony Kukwa,LS,2020,,,
3085107,Jake Kumerow,WR,2015,,,
4608746,Jaren Kump,C,2026,,,
4035866,Jordan Kunaszyk,ILB,2019,,,
2978524,Christian Kuntz,LS,2018,,,
4361417,Zack Kuntz,TE,2023,2023,7,220
2977187,Cooper Kupp,WR,2017,2017,3,69
4875592,Jackson Kuwatch,LB,2026,2026,7,227
4044132,William Kwenkeu,LB,2022,,,
2581818,Nick Kwiatkoski,ILB,2016,2016,4,113
2576179,Matt LaCosse,TE,2015,,,
3042743,Christian LaCouture,DE,2018,,,
2972143,Royce LaFrance,DE,2016,,,
4430027,Sam LaPorta,TE,2023,2023,2,34
4037485,Bruno Labelle,TE,2021,,,
16475,Deon Lacey,LB,2017,,,
4432338,Luke Lachey,TE,2025,2025,7,255
4430185,Caullin Lacy,WR,2026,,,
3122430,Chris Lacy,WR,2018,,,
4361861,Tyler Lacy,DE,2023,2023,4,130
17375,Erle Ladson,OT,2015,,,
4607937,Devin Lafayette,SAF,2026,,,
5041987,Brent Laing,G,2023,,,
2309552,Cleyon Laing,DE,2016,,,
3127211,Patrick Laird,RB,2019,,,
3932348,Dayan Lake,DB,2020,,,
4249128,Quentin Lake,SAF,2022,2022,6,211
4030955,Niko Lalos,DE,2020,,,
4035474,Tre Lamar,LB,2019,,,
4241389,CeeDee Lamb,WR,2020,2020,1,17
3121601,DaVonte Lambert,DE,2016,,,
2507931,Keenan Lambert,S,2015,,,
4430870,KeAndre Lambert-Smith,WR,2025,2025,5,158
2998120,Josh Lambo,K,2015,,,
2509370,Kendall Lamm,OT,2015,,,
3128630,Chris Lammons,DB,2018,,,
2981439,Forrest Lamp,G,2017,2017,2,38
4875767,Brock Lampe,RB,2025,,,
2977735,Ashton Lampkin,CB,2017,,,
4427752,Cam Lampkin,DB,2024,,,
4582836,Willie Lampkin,G,2025,,,
3057850,Jake Lampman,WR,2016,,,
3045242,Tyler Lancaster,DT,2018,,,
4879276,Bryce Lance,WR,2026,2026,4,136
4383351,Trey Lance,QB,2021,2021,1,3
4574551,Isaiah Land,LB,2023,,,
4259550,Matt Landers,WR,2023,,,
2578774,Jimmy Landes,LS,2016,2016,6,210
4243181,Nate Landman,LB,2022,,,
4242245,Jaquarius Landrews,SAF,2020,,,
2574558,Chris Landrum,LB,2016,,,
3122793,Harold Landry III,LB,2018,2018,2,41
4870847,Ja'Kobi Lane,WR,2026,2026,3,80
4602667,Jaylin Lane,WR,2025,2025,4,128
4880675,Rayuan Lane III,SAF,2025,2025,6,200
3915883,Cedrick Lang,OT,2017,,,
4566195,Marshall Lang,TE,2025,,,
2515416,Jeremy Langford,RB,2015,2015,4,106
2570996,Harvey Langi,LB,2017,,,
3043144,Brendan Langley,WR,2017,2017,3,101
2585962,Anthony Lanier,DE,2016,,,
5150662,Hayden Large,TE,2026,,,
4878896,Tucker Large,SAF,2026,,,
4698253,Lan Larison,RB,2025,,,
4035726,Austin Larkin,DE,2019,,,
17196,Tyler Larsen,C,2016,,,
5142823,Blake Larson,OL,2024,,,
4877203,Gage Larvadain,WR,2025,,,
2576873,Daniel Lasco,RB,2016,2016,7,237
2970515,Paul Lasike,FB,2015,,,
2576901,Zach Laskey,FB,2015,,,
3134302,Jordan Lasley,WR,2018,2018,5,162
4602699,Kamari Lassiter,CB,2024,2024,2,42
4035912,Kwamie Lassiter II,WR,2022,,,
3060800,Darius Latham,DT,2016,,,
4431437,JC Latham,OT,2024,2024,1,7
4036138,Cedrick Lattimore,DT,2020,,,
3121421,Marshon Lattimore,CB,2017,2017,1,11
4372026,Cameron Latu,TE,2023,2023,3,101
4688552,Keleki Latu,TE,2025,,,
4426473,Laiatu Latu,DE,2024,2024,1,15
4366963,Dylan Laube,RB,2024,2024,6,208
2969125,Andrew Lauderdale,OT,2017,,,
4360730,Nolan Laufenberg,G,2021,,,
3049872,Kyle Lauletta,QB,2018,2018,4,108
3053800,Tomasi Laulile,DT,2018,,,
4373956,Jonah Laulu,DT,2024,2024,7,234
4427770,Sataoa Laumea,OT,2024,2024,6,179
4687486,Matt Lauter,TE,2026,,,
4685441,Kendrick Law,WR,2026,2026,5,168
3040109,Justin Lawler,LB,2018,2018,7,244
2978201,Kenny Lawler,WR,2016,2016,7,243
3039722,Des Lawrence,DB,2017,,,
3121581,Devaroe Lawrence,DT,2017,,,
4035483,Dexter Lawrence,DT,2019,2019,1,17
4710067,Malachi Lawrence,LB,2026,2026,1,23
4035452,Rashard Lawrence,DT,2020,2020,4,131
4360310,Trevor Lawrence,QB,2021,2021,1,1
2576796,Nile Lawrence-Stample,DT,2016,,,
3051911,Carl Lawson,DE,2017,2017,4,116
4432725,Deontae Lawson,LB,2026,,,
2977679,Shaq Lawson,DE,2016,2016,1,19
4046719,Justin Layne,CB,2019,2019,3,83
4258237,Raheem Layne,SAF,2022,,,
3128390,Allen Lazard,WR,2018,,,
2982870,Cre'von LeBlanc,CB,2016,,,
4240686,Richard LeCounte,SAF,2021,2021,5,169
4045702,Benny LeMay,RB,2021,,,
2577081,Marcus Leak,WR,2016,,,
4241940,Javon Leake,RB,2020,,,
4426359,DeMarvin Leal,DE,2022,2022,3,84
3056369,Javarius Leamon,OT,2017,,,
4361653,Devin Leary,QB,2024,2024,6,218
4241466,Alex Leatherwood,OT,2021,2021,1,17
3053801,Dallin Leavitt,DB,2018,,,
3892689,Jeremiah Ledbetter,DT,2017,2017,6,205
3728308,Jonathan Ledbetter,DE,2019,,,
3047195,Cameron Lee,G,2017,,,
3051398,Darron Lee,ILB,2016,2016,1,20
3125073,Elijah Lee,OLB,2017,2017,7,232
2970397,Eric Lee,DE,2016,,,
2577051,Jay Lee,WR,2016,,,
3144062,Khari Lee,TE,2015,,,
4569474,Logan Lee,DT,2024,2024,6,178
3039776,Marquel Lee,MLB,2017,2017,5,168
4568986,Matt Lee,C,2024,2024,7,237
2470716,Mike Lee,CB,2015,,,
4369308,Ricky Lee,OT,2023,,,
3041097,Tanner Lee,QB,2018,2018,6,203
4430218,Vershon Lee,G,2025,,,
5151083,Will Lee III,CB,2026,2026,4,129
4430034,Xavier Legette,WR,2024,2024,1,32
3045118,Jordan Leggett,TE,2017,2017,5,150
3126261,John Leglue,G,2019,,,
4431443,Tristan Leigh,OT,2026,,,
5085519,Delby Lemieux,C,2026,,,
3915142,Shane Lemieux,G,2020,2020,5,150
2574096,Cyril Lemon,G,2015,,,
4870795,Makai Lemon,WR,2026,2026,1,20
4365493,Jessie Lemonier,LB,2020,,,
2470916,Matt Lengel,TE,2015,,,
4242488,Deommodore Lenoir,CB,2021,2021,5,172
3049249,Lance Lenoir,WR,2017,,,
4241264,Matt Leo,DE,2020,,,
4368468,Titus Leo,DE,2023,2023,6,211
3056362,Shaquille Leonard,OLB,2018,2018,2,36
4690171,Deane Leonard,CB,2022,2022,7,236
3122927,Rick Leonard,OT,2018,2018,4,127
4683423,Riley Leonard,QB,2025,2025,6,189
17197,Richie Leone,P,2020,,,
4361272,Eku Leota,LB,2023,,,
2511952,Jordan Leslie,WR,2015,,,
4820591,Pier-Olivier Lestage,G,2021,,,
4373951,Kohl Levao,OL,2024,,,
4687580,Devere Levelston,DT,2024,,,
3920591,Nick Leverett,G,2020,,,
4373079,KT Leveston,OT,2024,2024,7,254
2973637,Corey Levin,G,2017,2017,6,217
4361418,Will Levis,QB,2023,2023,2,33
3048682,Andre Levrone,WR,2018,,,
4870866,Connor Lew,C,2026,2026,4,128
3929824,Brian Lewerke,QB,2021,,,
3116110,Alex Lewis,G,2016,2016,4,130
3916577,Cam Lewis,CB,2019,,,
4431226,Clarence Lewis,DB,2025,,,
4362647,Damien Lewis,G,2020,2020,3,69
2567965,Dezmin Lewis,WR,2015,2015,7,234
3126245,Donnie Lewis,CB,2019,2019,7,221
3045207,Jourdan Lewis,CB,2017,2017,3,92
2972232,LaTroy Lewis,LB,2017,,,
2969967,Malcolm Lewis,WR,2017,,,
3894931,Marquavius Lewis,DT,2017,,,
3125745,Roger Lewis,WR,2016,,,
4040968,Terrell Lewis,LB,2020,2020,3,84
2574918,Tommylee Lewis,WR,2016,,,
3040513,Tyquan Lewis,DE,2018,2018,2,64
2970264,Ryan Lewis,CB,2017,,,
4239965,Zane Lewis,CB,2020,,,
4686768,Gerad Lichtenhan,OT,2025,,,
2566837,Michael Liedtke,G,2015,,,
3115459,Jeremy Liggins,DT,2017,,,
3050824,Justice Liggins,WR,2018,,,
2568667,Dan Light,TE,2015,,,
3120738,Alex Light,OT,2018,,,
4361050,Isaiah Likely,TE,2022,2022,4,139
4567175,Beaux Limmer,G,2024,2024,6,217
4685126,Cody Lindenberg,LB,2025,2025,7,222
4360499,Tyler Linderbaum,C,2022,2022,1,25
3052117,Phillip Lindsay,RB,2018,,,
4240801,Tyjon Lindsey,WR,2023,,,
4239950,Alec Lindstrom,C,2022,,,
3672833,Chris Lindstrom,G,2019,2019,1,14
2515418,Tony Lippett,DB,2015,2015,5,156
4035277,Kalija Lipscomb,WR,2020,,,
2971544,Kolby Listenbee,WR,2016,2016,6,192
4686361,Cam Little,K,2024,2024,6,212
4047661,Greg Little,OT,2019,2019,2,37
4242554,Walker Little,OT,2021,2021,2,45
2978304,Cory Littleton,ILB,2016,,,
3931782,Chase Litton,QB,2018,,,
4427816,Marist Liufau,LB,2024,2024,3,87
4683101,Max Llewellyn,DE,2026,2026,7,238
4879278,Damon Lloyd,LB,2021,,,
4243256,Devin Lloyd,LB,2022,2022,1,27
4429023,MarShawn Lloyd,RB,2024,2024,3,88
3924327,Drew Lock,QB,2019,2019,2,42
3929850,P.J. Locke,DB,2019,,,
2577327,Tyler Lockett,WR,2015,2015,3,69
3930064,DaMarkus Lodge,WR,2019,,,
2578754,Mitchell Loewen,DE,2016,,,
3039723,T.J. Logan,RB,2017,2017,5,179
4427826,Zion Logue,DT,2024,2024,6,197
4432208,Caleb Lohner,TE,2025,2025,7,241
2475164,Boseko Lokombo,LB,2017,,,
4921438,Caleb Lomu,OT,2026,2026,1,28
4426502,Drake London,WR,2022,2022,1,8
4376288,LaCale London,DE,2020,,,
3916074,David Long Jr.,ILB,2019,2019,6,188
4046536,David Long,DB,2019,2019,3,79
2514423,Deon Long,WR,2015,,,
4239944,Hunter Long,TE,2021,2021,3,81
2582324,Ty Long,P,2019,,,
2982803,Steve Longa,LB,2016,,,
3085243,Matt Longacre,OLB,2015,,,
4575860,Robert Longerbeam,CB,2025,2025,6,212
3039794,James Looney,DE,2018,2018,7,232
4697745,Tyler Loop,K,2025,2025,6,186
4040805,Roy Lopez,DT,2021,2021,6,195
2468807,Derrick Lott,DT,2015,,,
4035798,Isaiahh Loudermilk,DE,2021,2021,5,156
4880273,Kyle Louis,LB,2026,2026,4,138
2976531,Lamar Louis,LB,2016,,,
2971023,Ricardo Louis,WR,2016,2016,4,114
2565971,Rick Lovato,LS,2015,,,
4870808,Jeremiyah Love,RB,2026,2026,1,3
3931398,Bryce Love,RB,2019,2019,4,112
4036378,Jordan Love,QB,2020,2020,1,26
3921685,Josh Love,QB,2021,,,
4046675,Julian Love,SAF,2019,2019,4,108
3051371,Mike Love,DE,2018,,,
4723086,Colston Loveland,TE,2025,2025,1,10
4362236,Keni-H Lovely,CB,2025,,,
4596439,Dominic Lovett,WR,2025,2025,7,244
4362905,Fabien Lovett Sr.,DT,2024,,,
3118906,John Lovett,FB,2019,,,
4259180,John Lovett,RB,2022,,,
4877376,Jayden Loving,DT,2026,,,
2582441,Johnny Lowdermilk,DB,2015,,,
4570009,Duron Lowe,CB,2022,,,
4240554,Vederian Lowe,OT,2022,2022,6,184
4692970,Reuben Lowery,SAF,2025,,,
2974348,Dean Lowry,DE,2016,2016,4,137
4874510,Xavier Loyd,WR,2026,,,
3894908,Shalom Luani,DB,2017,2017,7,221
2512509,Jeff Luc,LB,2015,,,
4245171,Abraham Lucas,OT,2022,2022,3,72
4047846,Chase Lucas,CB,2022,2022,7,237
2979595,Jordan Lucas,S,2016,2016,6,204
2581819,Marquis Lucas,OT,2016,,,
4569597,Corey Luciano,C,2023,,,
2577190,Devin Lucien,WR,2016,2016,7,225
4362142,Jeremy Lucien,CB,2023,,,
3122889,Cavellis Luckett,LB,2016,,,
3165703,Donatella Luckett,WR,2015,,,
4383396,Hunter Luepke,RB,2023,,,
3052883,Cole Luke,CB,2017,,,
4361419,Jesse Luketa,LB,2022,2022,7,256
4685444,Jeadyn Lukus,CB,2026,,,
4363098,Johnny Lumpkin,TE,2023,,,
3122432,Brad Lundblade,C,2018,,,
4427843,Chase Lundt,OT,2025,2025,6,206
3894935,Luke Lundy,RB,2015,,,
2972118,Izaah Lunsford,DT,2017,,,
4685978,Darrell Luter Jr.,CB,2023,2023,5,155
4370162,T.J. Luther,WR,2023,,,
2613214,Gavin Lutman,WR,2015,,,
3124900,Jake Luton,QB,2020,2020,6,189
4594329,Henry Lutovsky,G,2026,,,
2985659,Wil Lutz,K,2016,,,
3127273,Frankie Luvu,LB,2018,,,
4575559,Bralyn Lux,DB,2025,,,
17076,Keon Lyn,DB,2015,,,
3892773,Blake Lynch,LB,2020,,,
2577602,Cameron Lynch,LB,2015,,,
4259181,James Lynch,DT,2020,2020,4,130
2977881,Paxton Lynch,QB,2016,2016,1,26
4574142,Nate Lynn,DE,2024,,,
4565353,Tamon Lynum,DB,2026,,,
3908873,Caushaud Lyons,DT,2015,,,
5081056,Jeffrey M'ba,DT,2026,,,
4427852,Treven Ma'ae,DE,2025,,,
3909365,Dylan Mabin,DB,2019,,,
2979515,Greg Mabin,CB,2017,,,
2972052,KeVonn Mabon,WR,2017,,,
2580065,Ashaad Mabry,DT,2015,,,
3916587,Tyler Mabry,TE,2020,,,
3053774,Austin MacGinnis,K,2020,,,
3932433,Alize Mack,TE,2019,2019,7,231
4040623,Austin Mack,WR,2020,,,
3917316,Daylon Mack,DT,2019,2019,5,160
3131784,Isaiah Mack,DT,2019,,,
4037588,Jordan Mack,LB,2020,,,
4257195,Ledarius Mack,LB,2020,,,
3139605,Marlon Mack,RB,2017,2017,4,143
4430270,Ja'Mori Maclin,WR,2026,,,
2577245,Tre Madden,FB,2016,,,
3123938,Avonte Maddox,FS,2018,2018,4,125
4038724,Tyreek Maddox-Williams,LB,2022,,,
3052065,Cole Madison,G,2018,2018,5,138
4035245,Nnamdi Madubuike,DT,2020,2020,3,71
4431562,Phil Mafah,RB,2025,2025,7,239
4240754,Boye Mafe,DE,2022,2022,2,40
4367202,Atonio Mafi,G,2023,2023,5,144
4568617,Jordan Magee,LB,2024,2024,5,139
2577283,Terrence Magee,RB,2015,,,
2510713,Craig Mager,CB,2015,2015,3,83
4037225,Dom Maggio,P,2021,,,
2577719,Curt Maggitt,OLB,2016,,,
2977627,Erik Magnuson,C,2017,,,
5278092,T.J. Maguranyanga,DE,2025,,,
16486,Brett Maher,K,2018,,,
4431448,Riley Mahlman,OT,2026,,,
4427864,Christian Mahogany,G,2024,2024,6,210
3139477,Patrick Mahomes,QB,2017,2017,1,10
3057991,Brendan Mahon,G,2018,,,
4567534,Jaylen Mahoney,SAF,2024,,,
4334215,Jordan Mailata,OT,2018,2018,7,233
4360213,Jason Maitre,CB,2024,,,
4430814,Jake Majors,C,2025,,,
2577892,Ryan Malleck,TE,2017,,,
4382481,Dashaun Mallory,DT,2024,,,
4362523,Will Mallory,TE,2023,2023,5,162
4243457,DeAngelo Malone,LB,2022,2022,3,82
3115330,Josh Malone,WR,2017,2017,4,128
4432729,Tywone Malone,DT,2026,,,
5143863,Xavier Malone,WR,2023,,,
4048736,Cassh Maluia,LB,2020,2020,6,204
2981511,Cameron Malveaux,DE,2017,,,
3120361,Damien Mama,G,2017,,,
2516865,Greg Mancz,G,2015,,,
4373640,D'Angelo Mandell,DB,2023,,,
4608691,Maximilian Mang,TE,2025,,,
3075143,Cole Manhart,G,2015,,,
4071345,Chris Manhertz,TE,2015,,,
4683227,Joseph Manjack,WR,2026,,,
4883114,Ben Mann,LS,2026,,,
4035239,Braden Mann,P,2020,2020,6,191
4430805,Dontae Manning,CB,2025,,,
4373953,Ilm Manning,OT,2023,,,
4242529,Tashawn Manning,OL,2023,,,
2517017,Sean Mannion,QB,2015,2015,3,89
4367195,Tyler Manoa,DT,2024,,,
5209589,Giovanni Manu,OL,2024,2024,4,126
5084124,Peter Manuma,SAF,2026,,,
4248899,Marte Mapu,LB,2023,2023,3,76
4036485,CJ Marable,RB,2021,,,
4430070,Federico Maranges,C,2025,,,
2574282,Justin March,LB,2015,,,
2576915,Tyler Marcordes,LB,2016,,,
4604004,Keelan Marion,WR,2026,,,
2576980,Marcus Mariota,QB,2015,2015,1,2
4710727,Laith Marjan,K,2026,,,
4429059,Woody Marks,RB,2025,2025,4,116
3924367,Kyle Markway,TE,2020,,,
2519038,Dean Marlowe,S,2015,,,
3165702,Ali Marpet,G,2015,2015,2,61
2577645,Bradley Marquez,WR,2015,,,
4245154,Armani Marsh,CB,2023,,,
4432374,Ahmani Marshall,RB,2025,,,
2971289,Byron Marshall,RB,2016,,,
5083287,Devon Marshall,DB,2026,,,
3912545,Iman Marshall,CB,2019,2019,4,127
5081785,Jackie Marshall,DT,2026,2026,6,184
3051400,Jalin Marshall,WR,2016,,,
4432730,Jason Marshall Jr.,CB,2025,2025,5,150
4035590,Jonathan Marshall,DT,2021,2021,6,207
2971062,Keith Marshall,RB,2016,2016,7,242
3917814,Marcus Marshall,RB,2019,,,
3051898,Nick Marshall,CB,2015,,,
4362630,Terrace Marshall Jr.,WR,2021,2021,2,59
3116602,Trey Marshall,DB,2018,,,
4365457,Brodric Martin,DT,2023,2023,3,96
4695086,Chandler Martin,LB,2025,,,
3122145,Koda Martin,G,2019,,,
4245144,Tay Martin,WR,2022,,,
2515838,Gabe Martin,LB,2015,,,
3138764,Jacob Martin,DE,2018,2018,6,186
4360378,Quan Martin,SAF,2023,2023,2,47
4372523,Jeremiah Martin,DE,2023,,,
4034781,Kamal Martin,LB,2020,2020,5,175
4694334,Keyon Martin,CB,2025,,,
4294229,Marcus Martin,DE,2018,,,
2579850,Nick Martin,C,2016,2016,2,50
4573188,Nick Martin,LB,2025,2025,3,75
3127374,Robert Martin,RB,2018,,,
2577293,Ronald Martin,DB,2015,,,
3128263,Wes Martin,G,2019,2019,4,131
4360978,David Martin-Robinson,TE,2024,,,
4880613,Bam Martin-Scott,LB,2025,,,
4361182,Adrian Martinez,QB,2024,,,
2978273,Blake Martinez,ILB,2016,2016,4,131
4808830,Damien Martinez,RB,2025,2025,7,223
3129304,Greer Martini,LB,2018,,,
2576443,Tyler Marz,OT,2016,,,
5085888,Easton Mascarenas-Arnold,LB,2025,,,
4258190,Ben Mason,TE,2021,2021,5,184
2981913,Danny Mason,LB,2015,,,
4360569,Jordan Mason,RB,2022,,,
5097854,Lance Mason,TE,2026,,,
2576917,Shaq Mason,G,2015,2015,4,131
4917354,Hezekiah Masses,CB,2026,2026,5,175
4037212,Luke Masterson,LB,2022,,,
3127274,Hercules Mata'afa,DE,2018,,,
2976249,Tyler Matakevich,ILB,2016,2016,7,246
4432731,Moliki Matavao,TE,2025,2025,7,248
2980384,I'Tavius Mathers,RB,2017,,,
3163372,Alex Matheson,LS,2023,,,
2575572,Derrick Mathews,LB,2015,,,
2474890,Mitch Mathews,WR,2016,,,
2575636,Ryker Mathews,OT,2016,,,
4240707,Damarri Mathis,DB,2022,2022,4,115
4362486,Ochaun Mathis,LB,2023,2023,6,189
4241468,Phidarian Mathis,DT,2022,2022,2,47
3126096,Trevon Mathis,CB,2019,,,
2576799,Josue Matias,G,2015,,,
3928931,Ross Matiscik,LS,2020,,,
4373684,Scott Matlock,DT,2023,2023,6,200
4612507,Bayron Matos,OT,2024,,,
5158921,Kansei Matsuzawa,K,2026,,,
4911023,Christian Matthew,CB,2022,2022,7,244
4379569,Jesse Matthews,WR,2023,,,
2972298,Mike Matthews,C,2017,,,
3043146,Tray Matthews,DB,2018,,,
4684963,Wayne Matthews II,LB,2026,,,
4048244,Alexander Mattison,RB,2019,2019,3,102
4248545,Cody Mauch,G,2023,2023,2,48
4360855,Kana'i Mauga,ILB,2022,,,
3043147,Quincy Mauger,DB,2017,,,
4870914,Francis Mauigoa,OT,2026,2026,1,10
4700136,Francisco Mauigoa,LB,2025,2025,5,162
2576646,Lorenzo Mauldin,OLB,2015,2015,3,82
3916144,Arthur Maulet,CB,2017,,,
4573318,Dorian Mausi,LB,2025,,,
2581513,Johnny Maxey,DT,2016,,,
4247287,Devonnsha Maxwell,DL,2023,,,
4040975,Jared Mayden,SAF,2020,,,
4431452,Drake Maye,QB,2024,2024,1,3
2970712,K.J. Maye,WR,2016,,,
2980110,Marcus Maye,FS,2017,2017,2,39
4429086,Michael Mayer,TE,2023,2023,2,35
3043148,Chris Mayes,DT,2016,,,
3052587,Baker Mayfield,QB,2018,2018,1,1
4362987,Corey Mayfield Jr.,CB,2026,,,
4372093,Jalen Mayfield,OT,2021,2021,3,68
3052066,Vince Mayle,TE,2015,2015,4,123
2972400,David Mayo,OLB,2015,2015,5,169
4361788,Cade Mays,C,2022,2022,6,199
3918026,Devante Mays,RB,2017,2017,7,238
3054855,Cole Mazza,LS,2019,,,
5024661,Roy Mbaeteka,OT,2022,,,
4686362,Marcus Mbow,G,2025,2025,5,154
2575583,Joey Mbu,DT,2015,,,
4589248,Tyreik McAllister,WR,2022,,,
5092436,Jude McAtamney,K,2024,,,
4430388,DeWayne McBride,RB,2023,2023,7,222
2566041,Tre McBride,WR,2015,2015,7,245
4361307,Trey McBride,TE,2022,2022,2,55
2513043,B.J. McBryde,DE,2015,,,
3117251,Christian McCaffrey,RB,2017,2017,1,8
4426948,Luke McCaffrey,WR,2024,2024,3,100
2969896,Max McCaffrey,WR,2016,,,
2575606,Bobby McCain,CB,2015,2015,5,145
4369247,Mac McCain III,CB,2021,,,
2980111,Alex McCalister,LB,2016,2016,7,240
4361824,Tanner McCalister,SAF,2023,,,
4362615,Marquan McCall,DT,2022,,,
4035098,Tucker McCann,K,2020,,,
2988624,Riley McCarron,WR,2017,,,
4433970,J.J. McCarthy,QB,2024,2024,1,10
4682509,Malik McClain,WR,2026,,,
4820574,Chris McClellan,DT,2026,2026,3,77
4429001,Jase McClellan,RB,2024,2024,6,186
4880841,Jeremiah McClendon,CB,2026,,,
4426512,Warren McClendon Jr.,OT,2023,2023,5,174
4036169,Nick McCloud,CB,2021,,,
3728262,Ray-Ray McCloud,WR,2018,2018,6,187
4037464,Zach McCloud,DE,2022,,,
2576878,Stefan McClure,DB,2016,,,
2470860,Dexter McCoil,DB,2016,,,
4427120,Jaylen McCollough,SAF,2024,,,
4035253,Ryan McCollum,C,2021,,,
4250393,Tristin McCollum,DB,2022,,,
4250392,Zyon McCollum,CB,2022,2022,5,157
4612826,Ladd McConkey,WR,2024,2024,2,34
4433971,Kyle McCord,QB,2025,2025,6,181
4368304,Mason McCormick,G,2024,2024,4,119
4430104,Sincere McCormick,RB,2022,,,
4033806,James McCourt,K,2022,,,
3917331,Erik McCoy,C,2019,2019,2,48
5157289,Jermod McCoy,CB,2026,2026,4,101
3052413,Matt McCrane,K,2018,,,
4820592,Nate McCrary,RB,2021,,,
4045299,Marcelino McCrary-Ball,LB,2022,,,
3128264,Robert McCray,DE,2018,,,
4371973,Roger McCreary,CB,2022,2022,2,35
4596347,Donaven McCulley,WR,2026,,,
4685439,Dasan McCullough,OLB,2026,,,
3915528,Liam McCullough,LS,2022,,,
4365971,Cameron McCutcheon,CB,2023,,,
4247812,Lance McCutcheon,WR,2022,,,
4574814,Robert McDaniel,DB,2025,,,
2971584,Conor McDermott,OT,2017,2017,6,211
3123064,KC McDermott,OT,2018,,,
2512587,Shane McDermott,C,2015,,,
2981514,Adrian McDonald,DB,2016,,,
4569507,Cade McDonald,WR,2025,,,
4567826,Cooper McDonald,LB,2025,,,
2513908,Dexter McDonald,CB,2015,2015,7,242
4870893,Kayden McDonald,DT,2026,2026,2,36
2510865,Tevin McDonald,FS,2015,,,
4361767,Will McDonald IV,DE,2023,2023,1,15
4685443,Matthew McDoom,DB,2026,,,
3134681,Malik McDowell,DT,2017,2017,2,35
4239947,Isaiah McDuffie,LB,2021,2021,6,220
4426405,Trent McDuffie,CB,2022,2022,1,21
3951441,Codey McElroy,TE,2019,,,
2577684,Tanner McEvoy,WR,2016,,,
4360319,Jordan McFadden,G,2023,2023,5,156
4371961,Micah McFadden,LB,2022,2022,5,146
3921563,Tarvarus McFadden,DB,2018,,,
4241941,Anthony McFarland,RB,2020,2020,4,124
2577567,M.J. McFarland,TE,2016,,,
2577494,Mike McFarland,TE,2015,,,
3127304,Kaleb McGary,OT,2019,2019,1,31
2512657,Jake McGee,TE,2016,,,
4035013,Tyrique McGhee,DB,2020,,,
3126153,Garrett McGhin,OT,2019,,,
2577757,T.Y. McGill,DT,2015,,,
3052885,Mike McGlinchey,OT,2018,2018,1,9
3048635,Jamar McGloster,OT,2018,,,
4429128,Dwight McGlothern,CB,2024,,,
3128843,Alex McGough,QB,2018,2018,7,220
2577367,Connor McGovern,G,2016,2016,5,144
4033748,Connor McGovern,G,2019,2019,3,90
4242270,Kyric McGowan,WR,2022,,,
4686468,Seth McGowan,RB,2026,2026,7,237
3914267,Taj McGowan,RB,2019,,,
4433974,Rodney McGraw,DE,2026,,,
4429005,Braiden McGregor,DE,2024,,,
4372085,Cameron McGrone,LB,2021,2021,5,177
3042494,Elijah McGuire,RB,2017,2017,6,188
4427963,Isaiah McGuire,DE,2023,2023,4,126
4427391,Kenny McIntosh,RB,2023,2023,7,237
3917872,R.J. McIntosh,DT,2018,2018,5,139
2980068,Mekale McKay,WR,2016,,,
4568320,Timothy McKay,OT,2025,,,
4685201,Tanner McKee,QB,2023,2023,6,188
3128724,Isaiah McKenzie,WR,2017,2017,5,172
4259644,Jalen McKenzie,OT,2022,,,
3915388,Kahlil McKenzie,G,2018,2018,6,198
4036275,Sean McKeon,TE,2020,,,
4240673,Marcus McKethan,G,2022,2022,5,173
3051719,Pharoah McKever,TE,2018,,,
4046686,Javon McKinley,WR,2021,,,
3152371,Takk McKinley,DE,2017,2017,1,26
4360692,Verone McKinley III,SAF,2022,,,
4362441,Anthony McKinney,OT,2020,,,
2577429,Benardrick McKinney,ILB,2015,2015,2,43
4241470,Xavier McKinney,SAF,2020,2020,2,36
2981866,Jeremiah McKinnon,DB,2016,,,
4433975,Kool-Aid McKinstry,CB,2024,2024,2,41
2971032,Cassanova McKinzy,LB,2016,,,
2572861,J.D. McKissic,RB,2016,,,
4240023,Tre' McKitty,TE,2021,2021,3,97
3916075,Colton McKivitz,OT,2020,2020,5,153
4683248,Deshawn McKnight,DT,2026,,,
3915575,Kelvin McKnight,WR,2019,,,
4362352,Isaiah McKoy,WR,2021,,,
4384171,Tanner McLachlan,TE,2024,2024,6,194
3150744,Chase McLaughlin,K,2019,,,
4722893,Jaleel McLaughlin,RB,2023,,,
4429187,Seth McLaughlin,C,2025,,,
3917286,Mark McLaurin,LB,2019,,,
3121422,Terry McLaurin,WR,2019,2019,3,76
4247248,Tyler McLellan,OT,2024,,,
4430153,Derrick McLendon,DE,2024,,,
4568018,TK McLendon Jr.,DE,2023,,,
4576129,Jalen McLeod,LB,2025,2025,6,194
4430155,Dylan McMahon,C,2024,2024,6,190
2977884,Wynton McManis,LB,2016,,,
4242231,Racey McMath,WR,2021,2021,6,205
4360313,Kyler McMichael,DB,2022,,,
4427971,Dontae McMillan,RB,2026,,,
4690803,Jai'Onte' McMillan,CB,2026,,,
4430834,Jalen McMillan,WR,2024,2024,3,92
3121423,Raekwon McMillan,MLB,2017,2017,2,54
4685472,Tetairoa McMillan,WR,2025,2025,1,8
4567462,Ja'Quan McMillian,CB,2022,,,
4686027,Donovan McMillon,SAF,2025,,,
4430158,Patrick McMorris,SAF,2024,2024,6,198
4683455,Jalen McMurray,CB,2026,,,
4427982,Austin McNamara,P,2025,,,
5294310,Mark McNamee,K,2025,,,
3116658,Lukayus McNeil,OT,2019,,,
4837186,Emmanuel McNeil-Warren,SAF,2026,2026,2,58
4361662,Alim McNeill,DT,2021,2021,3,72
4708859,Amari McNeill,DT,2026,,,
3127586,Jeremy McNichols,RB,2017,2017,5,162
4045161,Zech McPhearson,CB,2021,2021,4,123
4360234,Evan McPherson,K,2021,2021,5,149
3043217,Leon McQuay III,DB,2017,2017,6,218
2969422,Tony McRae,CB,2016,,,
4566198,Lake McRee,TE,2026,,,
2975817,Paul McRoberts,WR,2016,,,
3116172,Trace McSorley,QB,2019,2019,6,197
3058965,Torry McTyer,CB,2017,,,
4689651,Mac McWilliams,CB,2025,2025,5,145
4368423,Mike Mcallister,OL,2023,,,
3886327,Nathan Meadors,DB,2019,,,
3046700,Montrel Meander,LB,2018,,,
4427985,Bub Means,WR,2024,2024,5,170
4427984,Kain Medrano,LB,2025,2025,6,205
4602788,Jackson Meeks,WR,2025,,,
3931400,Quenton Meeks,CB,2018,,,
3116384,Carson Meier,TE,2019,,,
4570636,Malick Meiga,WR,2026,,,
4608138,Quinn Meinerz,C,2021,2021,3,98
3863820,Patrick Mekari,OT,2019,,,
2974247,Obi Melifonwu,DB,2017,2017,2,56
4240401,Ifeatu Melifonwu,SAF,2021,2021,3,101
4775196,Tommy Mellott,WR,2025,2025,6,213
4698113,Max Melton,CB,2024,2024,2,43
4259305,Bo Melton,WR,2022,2022,7,229
4693205,Mitchell Melton,DE,2026,,,
4789907,Armand Membou,OT,2025,2025,1,7
3911910,Eli Mencer,DE,2020,,,
4837248,Fernando Mendoza,QB,2026,2026,1,1
4045174,Michal Menet,C,2021,2021,7,247
2520698,Cameron Meredith,WR,2015,,,
4076803,Jordan Meredith,G,2022,,,
4373582,Forrest Merrill,DT,2021,,,
3915145,Kirk Merritt,WR,2020,,,
4685016,Ellis Merriweather,RB,2023,,,
4360502,Kaevon Merriweather,SAF,2023,,,
4426335,Graham Mertz,QB,2025,2025,6,197
4429190,Akheem Mesidor,LB,2026,2026,1,22
4431461,Chamon Metayer,TE,2026,,,
4047650,DK Metcalf,WR,2019,2019,2,64
4567096,John Metchie III,WR,2022,2022,2,44
4046537,Josh Metellus,SAF,2020,2020,6,205
4427997,McKade Mettauer,G,2024,,,
4360063,Lorenz Metz,OT,2024,,,
4574716,Harrison Mevis,K,2025,,,
4362064,Andrew Meyer,C,2024,,,
2522211,Mike Meyer,K,2017,,,
4384852,Dohnte Meyers,WR,2026,,,
3916433,Jakobi Meyers,WR,2019,,,
4427998,Joseph Michalski,G,2025,,,
2591718,Marken Michel,WR,2019,,,
3128721,Sony Michel,RB,2018,2018,1,31
2978308,Jaydon Mickens,WR,2016,,,
4429018,R.J. Mickens,SAF,2025,2025,6,214
2567725,Doug Middleton,FS,2016,,,
2576480,Brian Mihalik,OT,2015,2015,7,237
3046287,Matt Milano,OLB,2017,2017,5,163
3120434,Joshua Miles,OT,2019,2019,7,248
2568870,Arthur Miley,LB,2015,,,
4071091,Dre Miller,WR,2022,,,
3050487,Anthony Miller,WR,2018,2018,2,51
2570987,Braxton Miller,WR,2016,2016,3,85
2471491,Brock Miller,P,2018,,,
4693331,Cam Miller,QB,2025,2025,6,215
4702576,Cam Miller,CB,2026,,,
3049640,Charlie Miller,DB,2017,,,
4035402,Chris Miller,SAF,2020,,,
4685479,Christen Miller,DT,2026,2026,2,42
3126362,Christian Miller,LB,2019,2019,4,115
4367510,Dante Miller,RB,2024,,,
2576699,Darrian Miller,OT,2015,,,
4569032,D.J. Miller,CB,2026,,,
4260053,Dorren Miller,WR,2018,,,
4242657,Grant Miller,G,2023,,,
2974631,Harlan Miller,CB,2016,2016,6,205
3919107,Herb Miller,CB,2019,,,
5150290,Izavion Miller,OT,2026,,,
4685477,Jam Miller,RB,2026,2026,7,245
2576639,John Miller,G,2015,2015,3,81
3886824,Jordan Miller,DB,2019,2019,5,172
4362524,Jordan Miller,DT,2024,,,
4599739,Kendre Miller,RB,2023,2023,3,71
3134312,Kolton Miller,OT,2018,2018,1,15
4693332,Mason Miller,OT,2025,,,
4010885,Michael Miller,TE,2016,,,
2971017,Patrick Miller,OT,2015,,,
4568699,Rasheed Miller,OT,2026,,,
4369466,Ryan Miller,WR,2023,,,
3914397,Scott Miller,WR,2019,2019,6,208
3929648,Shareef Miller,DE,2019,2019,4,138
4686442,Tyler Miller,OT,2026,,,
4240610,Ventrell Miller,LB,2023,2023,4,121
3128449,Wyatt Miller,OT,2019,,,
3916678,Rolan Milligan,SAF,2017,,,
4576072,Bryan Mills,CB,2021,,,
4242546,Davis Mills,QB,2021,2021,3,67
2976540,Jalen Mills,CB,2016,2016,7,233
4430838,Rylie Mills,DT,2025,2025,5,142
4373642,Dax Milne,WR,2021,2021,7,258
4432734,Jalen Milroe,QB,2025,2025,3,92
2576895,Chris Milton,CB,2016,,,
4360698,Joe Milton III,QB,2024,2024,6,193
4429012,Kendall Milton,RB,2024,,,
4373020,Mark Milton,CB,2023,,,
4431463,Wyatt Milum,OT,2025,2025,3,89
4431571,Amarius Mims,OT,2024,2024,1,18
4035403,Denzel Mims,WR,2020,2020,2,59
4243004,Jordan Mims,RB,2023,,,
4686472,Marvin Mims Jr.,WR,2023,2023,2,63
2516019,Jonathon Mincy,DB,2018,,,
4426485,Jonathan Mingo,WR,2023,2023,2,39
4686338,Josh Minkins,DB,2026,,,
4566100,Kobee Minor,DB,2025,2025,7,257
4038524,Gardner Minshew,QB,2019,2019,6,178
4035279,Andre Mintze,LB,2021,,,
4698114,Kamar Missouri,OT,2026,,,
2574530,Tevin Mitchel,CB,2015,2015,6,182
4597500,Adonai Mitchell,WR,2024,2024,2,52
3050661,Bryant Mitchell,WR,2019,,,
4569607,Cameron Mitchell,DB,2023,2023,5,142
4693173,DaMarcus Mitchell,DE,2022,,,
4038938,Dillon Mitchell,WR,2019,2019,7,239
4241555,Elijah Mitchell,RB,2021,2021,6,194
4569009,Jackson Mitchell,LB,2024,,,
4361988,James Mitchell,TE,2022,2022,5,177
2514174,Josh Mitchell,CB,2015,,,
4596334,Keaton Mitchell,RB,2023,,,
2578553,Malcolm Mitchell,WR,2016,2016,4,112
4373656,Max Mitchell,OT,2022,2022,4,111
4570106,Myron Mitchell,WR,2021,,,
4035386,Osirus Mitchell,WR,2021,,,
4686273,Quinyon Mitchell,CB,2024,2024,1,22
3043225,Steven Mitchell,WR,2018,,,
4876006,Zaire Mitchell-Paden,TE,2022,,,
3116385,Joe Mixon,RB,2017,2017,2,48
3048680,Taquan Mizzell,RB,2017,,,
3127587,David Moa,DT,2020,,,
3127588,Sean Modster,WR,2019,,,
4362487,Tre'von Moehrig,SAF,2021,2021,2,43
3914450,Jovante Moffatt,SAF,2020,,,
4382826,Brock Mogensen,LB,2024,,,
4791223,Jaxson Moi,DT,2026,,,
3722375,John Molchon,G,2020,,,
4243328,Elijah Molden,CB,2021,2021,3,100
4035822,JJ Molson,K,2020,,,
2565602,Kevin Monangai,RB,2015,,,
4608686,Kyle Monangai,RB,2025,2025,7,233
3115317,Derrick Moncrief,LB,2020,,,
4240904,Kellen Mond,QB,2021,2021,3,66
4361334,Smoke Monday,SAF,2022,,,
3122690,Henry Mondeaux,DT,2018,,,
4431573,Smael Mondon Jr.,LB,2025,2025,5,161
3115979,Bryan Mone,NT,2019,,,
4430481,Jonah Monheim,C,2025,2025,7,221
4428037,Jacob Monk,C,2024,2024,5,163
4430182,Jarius Monroe,SAF,2024,,,
3915304,Aaron Monteiro,OT,2019,,,
3915436,Steven Montez,QB,2020,,,
4249030,D.J. Montgomery,WR,2019,,,
4035538,David Montgomery,RB,2019,2019,3,73
4676889,Myles Montgomery,RB,2026,,,
2577134,Ty Montgomery,WR,2015,2015,3,94
5103197,Tyren Montgomery,WR,2026,,,
4372066,Jake Moody,K,2023,2023,3,99
4034959,Jeremiah Moon,LB,2022,,,
4040655,Darnell Mooney,WR,2020,2020,5,173
3128746,A.J. Moore,DB,2018,,,
4030915,Briley Moore,TE,2021,,,
3128745,C.J. Moore,DB,2019,,,
3052414,Charmeachealle Moore,LB,2017,,,
2576581,Chris Moore,WR,2016,2016,4,107
2578554,Corey Moore,DB,2015,,,
4240920,Dan Moore Jr.,OT,2021,2021,4,128
4212909,David Moore,WR,2017,2017,7,226
4250918,David Moore,G,2021,,,
3915416,DJ Moore,WR,2018,2018,1,24
4685461,Derrick Moore,DE,2026,2026,2,44
4702577,Devin Moore,CB,2026,2026,4,114
4372414,Elijah Moore,WR,2021,2021,2,34
4242502,George Moore,G,2022,,,
4240105,Isaiah Moore,LB,2023,,,
3051857,J'Mon Moore,WR,2018,2018,4,133
3123675,Jalin Moore,RB,2019,,,
4069806,Jason Moore,WR,2019,,,
3909416,Jaylon Moore,WR,2020,,,
4043041,Jaylon Moore,OT,2021,2021,5,155
3042728,J.D. Moore,FB,2018,,,
2971542,Jordan Moore,DB,2017,,,
4594444,Jordan Moore,WR,2025,,,
3122800,Kam Moore,CB,2018,2018,6,189
4218312,Kenny Moore II,CB,2017,,,
5081323,Louis Moore,SAF,2026,,,
4692024,Malachi Moore,SAF,2025,2025,4,130
3915184,Nick Moore,LS,2020,,,
4875350,Quentin Moore,TE,2026,,,
4372485,Rondale Moore,WR,2021,2021,2,49
3048912,Skai Moore,LB,2018,,,
4430191,Skyy Moore,WR,2022,2022,2,54
2978207,Steven Moore,OT,2017,,,
4692055,TJ Moore,CB,2025,,,
4039278,Tarvarius Moore,DB,2018,2018,3,95
4879212,Trey Moore,LB,2026,2026,4,130
2576352,Tyler Moore,TE,2026,,,
4360271,Tanner Mordecai,QB,2024,,,
2971586,Fabian Moreau,CB,2017,2017,3,81
3843945,Foster Moreau,TE,2019,2019,4,137
3120508,Jimmy Moreland,CB,2019,2019,7,227
4426990,Jalen Moreno-Cropper,WR,2023,,,
2580052,David Morgan,TE,2016,2016,6,188
3046438,Drew Morgan,WR,2017,,,
4035592,Grant Morgan,LB,2022,,,
3914395,James Morgan,QB,2020,2020,4,125
4684174,JonDarius Morgan,G,2026,,,
4081809,Jordan Morgan,G,2017,2017,5,147
3821571,Jordan Morgan,OT,2024,2024,1,25
2977652,Marshall Morgan,K,2016,,,
3699902,Stanley Morgan,WR,2019,,,
4240756,Tanner Morgan,QB,2023,,,
2567611,Anthony Morris,G,2015,2015,7,218
4432738,Micah Morris,G,2026,2026,6,207
4572055,Mike Morris,DE,2023,2023,5,151
3040013,Patrick Morris,C,2018,,,
4244049,Quintin Morris,TE,2021,,,
2577106,Romar Morris,RB,2016,,,
4570577,Wanya Morris,OT,2023,2023,3,92
4428058,Tre'Mon Morris-Brash,LB,2024,,,
2971051,Antonio Morrison,ILB,2016,2016,4,125
4816107,Benjamin Morrison,CB,2025,2025,2,53
4046165,Jimmy Morrissey,C,2021,2021,7,230
4232830,Nicholas Morrow,LB,2017,,,
2514122,Mitch Morse,C,2015,2015,2,49
4431465,Behren Morton,QB,2026,2026,7,234
4242996,Arron Mosby,DE,2022,,,
3115337,Emmanuel Moseley,DB,2018,,,
4567981,Quandre Mosely,DB,2022,,,
4241471,Dylan Moses,LB,2021,,,
3126363,Jamey Mosley,LB,2019,,,
2974324,Avery Moss,DE,2017,2017,5,167
4879480,Drew Moss,G,2025,,,
4431580,Miller Moss,QB,2026,,,
4382401,Riley Moss,CB,2023,2023,3,83
4036189,Thaddeus Moss,TE,2020,,,
4035676,Zack Moss,RB,2020,2020,3,86
2576414,Raheem Mostert,RB,2015,,,
4037647,Parnell Motley,CB,2020,,,
2973051,Taylor Moton,OT,2017,2017,2,64
2576635,Deiontrez Mount,LB,2015,2015,6,177
3042884,Jonathan Moxey,CB,2017,,,
4428072,Darius Muasau,LB,2024,2024,6,183
2512134,Jordan Mudge,G,2017,,,
2517946,Ryan Mueller,LB,2015,,,
3051942,Al-Quadin Muhammad,LB,2017,2017,6,196
4432440,Jabbar Muhammad,CB,2025,,,
4430211,Jamil Muhammad,DE,2025,,,
3052143,Khalfani Muhammad,RB,2017,2017,7,241
4870953,Malik Muhammad,CB,2026,2026,4,124
2573339,Blake Muir,G,2016,,,
4362855,Israel Mukuamu,SAF,2021,2021,6,227
4602197,Andrew Mukuba,SAF,2025,2025,2,64
4565309,Fatorma Mulbah,DT,2025,,,
4430213,Tiawan Mullen,DB,2023,,,
4035458,Trayvon Mullen,CB,2019,2019,2,40
3059989,Nick Mullens,QB,2017,,,
4429121,Kalel Mullings,RB,2025,2025,6,188
4361707,Chad Muma,LB,2022,2022,3,70
4710855,Konata Mumpfield,WR,2025,2025,7,242
2515420,Keith Mumphery,WR,2015,2015,5,175
3052096,Johnny Mundt,TE,2017,,,
4242001,Thayer Munford Jr.,OT,2022,2022,7,238
3047530,Calvin Munson,LB,2017,,,
2511330,Daniel Munyer,G,2015,,,
4240123,Larrell Murchison,DT,2020,2020,5,174
4912190,Red Murdock,LB,2026,2026,7,257
4038999,Byron Murphy,CB,2019,2019,2,33
4570040,Byron Murphy II,DT,2024,2024,1,16
4911489,Caleb Murphy,LB,2023,,,
4428080,Gabriel Murphy,LB,2024,,,
4428077,Grayson Murphy,LB,2024,,,
2974612,Pace Murphy,OT,2016,,,
2978275,Kyle Murphy,OT,2016,2016,6,200
4032758,Kyle Murphy,OL,2020,,,
2514123,Marcus Murphy,RB,2015,2015,7,230
4682479,Mason Murphy,C,2026,,,
4428985,Myles Murphy,DE,2023,2023,1,28
2517020,Ryan Murphy,DB,2015,2015,7,248
2516059,Tyler Murphy,WR,2015,,,
3932886,Sean Murphy-Bunting,CB,2019,2019,2,39
3912189,Bill Murray,G,2020,,,
2970716,Eric Murray,S,2016,2016,4,106
3048026,Jimmy Murray,C,2018,,,
3914494,Jordan Murray,OT,2022,,,
4368172,Jordan Murray,TE,2023,,,
2576585,Justin Murray,OT,2016,,,
4241394,Kenneth Murray Jr.,LB,2020,2020,1,23
3917315,Kyler Murray,QB,2019,2019,1,1
2976302,Najee Murray,DB,2017,,,
4241730,Tyler Murray,LB,2023,,,
5209791,Patrick Murtagh,TE,2024,,,
4249624,Nick Muse,TE,2022,2022,7,227
3728263,Tanner Muse,LB,2020,2020,3,100
4428085,Luke Musgrave,TE,2023,2023,2,42
4696211,Malik Mustapha,SAF,2024,2024,4,124
4361421,PJ Mustipher,DT,2023,,,
3129307,Sam Mustipher,C,2019,,,
2971519,Tevon Mutcherson,DB,2018,,,
4040910,Netane Muti,G,2020,2020,6,181
4360193,Donavan Mutin,LB,2023,,,
5279357,Mapalo Mwansa,LB,2025,,,
3138744,Chris Myarick,TE,2019,,,
2473037,Jason Myers,K,2015,,,
4242000,Josh Myers,C,2021,2021,2,62
4339831,Marko Myers,DB,2018,,,
2521895,Robert Myers,G,2015,2015,5,176
4039292,Alexander Myres,CB,2019,,,
3040198,Jalen Myrick,CB,2017,2017,7,222
4035611,Gabe Nabers,FB,2020,,,
4595348,Malik Nabers,WR,2024,2024,1,6
3053804,Kai Nacua,DB,2017,,,
4426515,Puka Nacua,WR,2023,2023,5,177
4241822,Chris Naggar,K,2021,,,
4382466,Jalen Nailor,WR,2022,2022,6,191
3127335,Ryan Nall,RB,2018,,,
4361765,Brayden Narveson,K,2024,,,
4570242,Nick Nash,WR,2025,,,
4240030,Hamsah Nasirildeen,LB,2021,2021,6,186
2614825,Carl Nassib,LB,2016,2016,3,65
2971830,JoJo Natson,WR,2017,,,
4035014,Isaac Nauta,TE,2019,2019,7,224
4360638,Durell Nchami,DE,2023,,,
5033343,Haggai Ndubuisi,DT,2023,,,
2514227,Chuka Ndulue,NT,2015,,,
4682652,Devin Neal,RB,2025,2025,6,184
4431292,Devin Neal,SAF,2026,,,
4428098,Elias Neal,LB,2024,,,
4567134,Evan Neal,OT,2022,2022,1,7
5081880,James Neal III,OT,2026,,,
4684543,Julian Neal,CB,2026,2026,3,99
3054962,Keanu Neal,S,2016,2016,1,17
3042744,Lewis Neal,DE,2017,,,
3121344,Ryan Neal,DB,2018,,,
3057524,Siran Neal,DB,2018,2018,5,154
2510552,Quayshawn Nealy,LB,2015,,,
2565338,Aaron Neary,C,2016,,,
2982866,Sharrod Neasman,S,2016,,,
3124702,Nik Needham,DB,2019,,,
2516223,Connor Neighbors,FB,2015,,,
3894856,Anthony Nelson,LB,2019,2019,4,107
4430250,Garrett Nelson,DE,2023,,,
4693369,Jack Nelson,OT,2025,2025,7,218
2515759,J.J. Nelson,WR,2015,2015,5,159
3145005,Matt Nelson,OT,2019,,,
3124574,Nick Nelson,CB,2018,2018,4,110
3123966,Picasso Nelson,DB,2019,,,
3129308,Quenton Nelson,G,2018,2018,1,6
4242337,Scott Nelson,DB,2022,,,
3045287,Steven Nelson,CB,2015,2015,3,98
2576943,Stephane Nembot,OT,2016,,,
4602969,Bryson Nesbit,TE,2025,,,
4426368,Doug Nester,G,2024,,,
4036444,Ryan Neuzil,G,2021,,,
4695895,Luke Newman,G,2025,2025,6,195
4047660,Royce Newman,G,2021,2021,4,142
4259186,Xavier Newman-Johnson,G,2022,,,
2971440,Donavin Newsom,LB,2017,,,
4240661,Dazz Newsome,WR,2021,2021,6,221
4361266,Greg Newsome II,CB,2021,2021,1,26
3117131,Detrez Newsome,RB,2018,,,
4428113,Quinton Newsome,CB,2024,,,
4430560,Jer'Zhan Newton,DT,2024,2024,2,36
4365319,Josh Newton,CB,2024,2024,5,149
4428116,Isaiah Neyor,WR,2025,,,
3053044,Yannick Ngakoue,DE,2016,2016,3,69
4426426,Joseph Ngata,WR,2023,,,
4038552,Lucas Niang,OT,2020,2020,3,96
3117922,Bilal Nichols,DT,2018,2018,5,145
3126311,Deatrick Nichols,CB,2018,,,
4428119,Lew Nichols III,RB,2023,2023,7,235
4032721,Rayshad Nichols,DT,2022,,,
5081149,DeCarlos Nicholson,CB,2026,,,
3134683,Montae Nicholson,FS,2017,2017,4,123
2978211,Hardy Nickerson,MLB,2017,,,
3041098,Parry Nickerson,CB,2018,2018,6,179
3929954,Dadi Nicolas,LB,2016,2016,6,203
3140643,Ben Niemann,LB,2018,,,
4036141,Nick Niemann,LB,2021,2021,6,185
4051353,Michael Niese,G,2022,,,
3871880,Yosh Nijman,OT,2019,,,
4874465,Ben Nikkel,WR,2024,,,
3045246,Hunter Niswander,P,2020,,,
4426338,Bo Nix,QB,2024,2024,1,12
17223,Roosevelt Nix,FB,2015,,,
4360484,Daviyon Nixon,DT,2021,2021,5,158
4683165,Jaden Nixon,RB,2026,,,
4259493,Keisean Nixon,DB,2019,,,
2515587,Taurean Nixon,CB,2015,2015,7,251
4047648,Tre Nixon,WR,2021,2021,7,242
3072765,Cameron Nizialek,P,2020,,,
3123076,David Njoku,TE,2017,2017,1,29
4428125,Maema Njongmeta,LB,2024,,,
3059936,Elijah Nkansah,OT,2018,,,
3051886,Robert Nkemdiche,DT,2016,2016,1,29
3122930,Derrick Nnadi,NT,2018,2018,3,75
4589052,Desmond Noel,G,2022,,,
4586312,Jaylin Noel,WR,2025,2025,3,79
3892442,Merrill Noel,CB,2015,,,
4685503,Walter Nolen,DT,2025,2025,1,16
4046532,Quinn Nordin,K,2021,,,
4591008,Omarr Norman-Lott,DT,2025,2025,2,63
2575997,Jared Norris,LB,2016,,,
4880777,Morice Norris Jr.,DB,2024,,,
3044716,Marquez North,WR,2016,,,
2969932,Reggie Northrup,LB,2016,,,
4426401,Bill Norton,DE,2025,,,
3917847,Kendrick Norton,DT,2018,2018,7,242
2973014,Storm Norton,OT,2017,,,
4241396,Tre Norwood,CB,2021,2021,7,245
3040008,Joe Noteboom,OT,2018,2018,3,89
4367645,Hunter Nourzad,C,2024,2024,5,159
4362465,Mike Novitsky,C,2024,,,
4693370,Riley Nowakowski,FB,2026,2026,5,169
5144894,Trevor Nowaske,LB,2023,,,
4430261,Tyler Nubin,SAF,2024,2024,2,47
4428144,Drake Nugent,C,2024,,,
2575453,Rakeem Nunez-Roches,DT,2015,2015,6,217
4249092,Josh Nurse,CB,2020,,,
4567747,Garrett Nussmeier,QB,2026,2026,7,249
2976647,Noble Nwachukwu,DE,2017,,,
4880873,Febechi Nwaiwu,G,2026,2026,4,106
4035537,Kene Nwangwu,RB,2021,2021,4,119
4685491,Xavier Nwankpa,SAF,2026,,,
3120358,Uchenna Nwosu,LB,2018,2018,2,48
4682626,Pete Nygra,C,2026,,,
2976179,Eric Nzeocha,LB,2017,,,
2576030,Mark Nzeocha,OLB,2015,2015,7,236
2470264,Kitt O'Brien,G,2015,,,
4260394,Aidan O'Connell,QB,2023,2023,4,135
4364623,Patrick O'Connell,LB,2023,,,
2980206,Pat O'Connor,DE,2017,2017,7,250
3045132,Dorian O'Daniel,LB,2018,2018,3,100
4611135,Carter O'Donnell,G,2020,,,
2576804,Nick O'Leary,TE,2015,2015,6,194
2566643,Ryan O'Malley,TE,2016,,,
3016887,Cedric O'Neal,RB,2016,,,
4361528,Raiqwon O'Neal,OT,2023,,,
3123954,Brian O'Neill,OT,2018,2018,2,62
4892218,Eric O'Neill,DE,2026,,,
2508079,James O'Shaughnessy,TE,2015,2015,5,173
4605491,Connor O'Toole,LB,2025,,,
3734467,Efe Obada,DE,2015,,,
5085407,Namdi Obiazor,LB,2026,2026,6,212
4684970,Jimto Obidegwu,OT,2026,,,
3120964,George Obinna,DE,2020,,,
2972309,Julien Obioha,DE,2016,,,
2565903,Victor Ochi,LB,2016,,,
5066095,Adedayo Odeleye,DE,2022,,,
2974353,Ifeadi Odenigbo,DE,2017,2017,7,220
4242659,Dayo Odeyingbo,DE,2021,2021,2,54
2573312,Rees Odhiambo,OT,2016,2016,3,97
4035840,Osa Odighizuwa,DT,2021,2021,3,75
2510866,Owa Odighizuwa,DE,2015,2015,3,74
3042361,Chris Odom,DE,2017,,,
4363554,Thomas Odukoya,TE,2022,,,
3050199,George Odum,DB,2018,,,
5149889,Kenneth Odumegwu,DT,2023,,,
4431299,Rome Odunze,WR,2024,2024,1,9
4565558,Caleb Offord,DB,2026,,,
2977740,Emmanuel Ogbah,DE,2016,2016,2,32
4038432,Amen Ogbongbemiga,LB,2021,,,
4367210,Otito Ogbonnia,DT,2022,2022,5,160
2511825,Cedric Ogbuehi,OT,2015,2015,1,21
4361326,Ovie Oghoufo,DE,2024,,,
5061223,Kehinde Oginni Hassan,DL,2024,,,
4722908,Andrew Ogletree,TE,2022,2022,6,192
2983509,Dare Ogunbowale,RB,2017,,,
4046693,Adetokunbo Ogundeji,LB,2021,2021,5,182
3050122,Larry Ogunjobi,DT,2017,2017,3,65
4426507,David Ojabo,LB,2022,2022,2,45
3894830,Michael Ojemudia,CB,2020,2020,3,77
4362116,Moro Ojomo,DT,2023,2023,7,249
4240015,John Ojukwu,OT,2023,,,
4379409,Azeez Ojulari,LB,2021,2021,2,50
4429111,BJ Ojulari,LB,2023,2023,2,41
4247808,Ty Okada,SAF,2023,,,
3938130,Chidi Okeke,OT,2019,,,
3117253,Bobby Okereke,ILB,2019,2019,3,89
16551,Earl Okine,DE,2015,,,
4360635,Chig Okonkwo,TE,2022,2022,4,143
3129473,Chukwuma Okorafor,OT,2018,2018,3,92
3052667,Ogbo Okoronkwo,LB,2018,2018,5,160
2577464,Bennett Okotcha,DB,2016,,,
5144942,Basil Okoye,DT,2023,,,
4569497,Sam Okuayinonu,DT,2022,,,
4241984,Jeff Okudah,CB,2020,2020,1,3
4046690,Julian Okwara,DE,2020,2020,3,67
2980147,Romeo Okwara,DE,2016,,,
4035115,Albert Okwuegbunam,TE,2020,2020,4,118
4374037,Kitan Oladapo,SAF,2024,2024,5,169
4876057,Oluwafemi Oladejo,DE,2025,2025,2,52
4044111,Chris Oladokun,QB,2022,2022,7,241
4601079,Jordan Oladokun,CB,2025,,,
5211114,David Olajiga,DT,2024,,,
5215426,Praise Olatoke,WR,2024,,,
4361370,Chris Olave,WR,2022,2022,1,11
4362617,Bryce Oliver,WR,2024,,,
4683059,Collin Oliver,LB,2025,2025,5,159
4039303,Ed Oliver,DT,2019,2019,1,9
3915437,Isaiah Oliver,FS,2018,2018,2,58
3921690,Josh Oliver,TE,2019,2019,3,69
3123944,Qadree Ollison,RB,2019,2019,5,152
4038539,Sewo Olonilua,RB,2020,,,
3910385,Dante Olson,LB,2020,,,
4424106,Gunner Olszewski,WR,2019,,,
4260703,Segun Olubi,LB,2022,,,
3153653,Donovan Olumba,CB,2018,,,
3050073,Foye Oluokun,LB,2018,2018,6,200
4370807,Olu Oluwatimi,C,2023,2023,5,154
3929865,Charles Omenihu,DE,2019,2019,5,161
2577172,Oni Omoile,G,2016,,,
4683194,Ethan Onianwa,OT,2026,2026,7,231
4071085,Joshua Onujiogu,LB,2022,,,
4290803,Michael Onuoha,DE,2019,,,
4046545,Mike Onwenu,G,2020,2020,6,182
3052889,James Onwualu,LB,2017,,,
2576761,Patrick Onwuasor,ILB,2016,,,
4039020,Levi Onwuzurike,DT,2021,2021,2,41
4683535,Tyler Onyedim,DT,2026,2026,3,66
4002046,David Onyemata,DT,2016,2016,4,120
3121009,Sua Opeta,G,2019,,,
4698728,Domonique Orange,DT,2026,2026,3,82
3052511,Nate Orchard,DE,2015,2015,2,51
4430271,Ruke Orhorhoro,DT,2024,2024,2,35
4567535,Anfernee Orji,LB,2023,,,
3045163,Scott Orndoff,TE,2017,,,
3917673,Chris Orr,LB,2020,,,
3675805,Kareem Orr,DB,2019,,,
2516060,Leon Orr,DT,2015,,,
5085625,Gavin Ortega,OT,2026,,,
2978244,Ricky Ortiz,RB,2017,,,
3116175,Amani Oruwariye,CB,2019,2019,5,146
4422336,Matthew Orzech,LS,2019,,,
3916566,K.J. Osborn,WR,2020,2020,5,176
4567230,Justin Osborne,C,2025,,,
4362094,Joseph Ossai,DE,2021,2021,3,69
4687188,K.C. Ossai,LB,2025,,,
3044706,Joe Ostman,DE,2018,,,
4240759,Esezi Otomewo,DT,2022,2022,5,165
4685489,Jaydn Ott,RB,2026,,,
17378,Tyler Ott,LS,2015,,,
4243331,Cade Otton,TE,2022,2022,4,106
4691688,Robbie Ouzts,RB,2025,2025,5,175
2976115,Jeff Overbaugh,LS,2017,,,
4362088,DeMarvion Overshown,LB,2023,2023,3,90
4870960,LT Overton,DE,2026,2026,4,137
4361422,Odafe Oweh,LB,2021,2021,1,31
4578436,Coleman Owen,WR,2025,,,
3860986,Tanner Owen,OT,2022,,,
4567482,Gervarrius Owens,SAF,2023,2023,7,254
4331768,Jonathan Owens,SAF,2018,,,
4571579,Terique Owens,WR,2024,,,
4572460,Tyler Owens,DB,2024,,,
4573684,Wande Owens,DB,2025,,,
3043278,Francis Owusu,WR,2018,,,
4258599,Jeremiah Owusu-Koramoah,LB,2021,2021,2,52
5054379,Ayo Oyelola,DB,2022,,,
3699935,Devine Ozigbo,RB,2019,,,
4039081,Joe Ozougwu,DE,2022,,,
4430280,Ivan Pace Jr.,LB,2023,,,
4361529,Isiah Pacheco,RB,2022,2022,7,251
4431582,Payton Page,DT,2025,,,
4690083,Wes Pahl,P,2026,,,
2978349,Kache Palacio,LB,2016,,,
4240551,Alex Palczewski,OT,2023,,,
4242433,Josh Palmer,WR,2021,2021,3,77
4875912,Tejhaun Palmer,WR,2024,2024,6,191
4426407,Trey Palmer,WR,2023,2023,6,191
4241221,Walter Palmore,DT,2020,,,
4046721,Mike Panasiuk,DT,2020,,,
4430288,Eli Pancol,WR,2025,,,
3052462,Evan Panfil,DE,2017,,,
2976649,Adam Pankey,G,2017,,,
4567219,Owen Pappoe,LB,2023,2023,5,168
3912092,Donald Parham,TE,2019,,,
4243375,Dylan Parham,G,2022,2022,3,90
4036164,Dylan Parham,TE,2022,,,
4240261,Derek Parish,RB,2023,2023,7,240
4032749,Aaron Parker,WR,2020,,,
4372006,Andrew Parker,LB,2024,,,
4046592,AJ Parker,CB,2021,,,
3072292,Brandon Parker,OT,2018,2018,3,65
2508328,Brian Parker,TE,2015,,,
4689117,Brian Parker II,OT,2026,2026,6,189
4047622,Dareuan Parker,G,2021,,,
2576623,DeVante Parker,WR,2015,2015,1,14
3116387,Steven Parker,DB,2018,,,
4870886,TJ Parker,LB,2026,2026,2,35
4242557,Colby Parkinson,TE,2020,2020,4,133
2981483,Dennis Parks,WR,2016,,,
2971248,Will Parks,S,2016,2016,6,219
2572986,Damian Parms,DB,2016,,,
4565547,Roman Parodie,CB,2026,,,
3049959,Timon Parris,OT,2018,,,
4912847,Jacob Parrish,CB,2025,2025,3,84
2517779,David Parry,DT,2015,2015,5,151
4361423,Micah Parsons,LB,2021,2021,1,12
2978109,Zach Pascal,WR,2017,,,
4259994,Joshua Paschal,DE,2022,2022,2,46
4873485,Johnny Pascuzzi,TE,2026,,,
4054085,Dezmon Patmon,WR,2020,2020,6,212
3908943,Aaron Patrick,LB,2020,,,
3693033,Jacques Patrick,RB,2020,,,
2576736,Lucas Patrick,G,2016,,,
3728310,Natrez Patrick,ILB,2019,,,
3134353,Tim Patrick,WR,2017,,,
5346736,Ben Patterson,WR,2026,,,
3125383,Damoun Patterson,WR,2018,,,
4875613,Dean Patterson IV,WR,2026,,,
2577861,Eric Patterson,CB,2015,,,
4362452,Jaret Patterson,RB,2021,,,
4372774,Jarrett Patterson,C,2023,2023,6,201
3691031,Javon Patterson,C,2019,2019,7,246
4557348,Langston Patterson,LB,2026,,,
4034304,Manny Patterson,DB,2020,,,
4243371,Riley Patterson,K,2021,,,
3047504,Andre Patton,WR,2017,,,
4244615,Chris Paul,G,2022,2022,7,230
4602943,Pooh Paul Jr.,LB,2025,2025,5,172
4567493,Patrick Paul,OT,2024,2024,2,55
4683114,Will Pauling,WR,2026,,,
3912573,Darrin Paulo,OT,2020,,,
4258194,Kwity Paye,DE,2021,2021,1,21
4431503,Damon Payne,NT,2026,,,
3925354,Daron Payne,NT,2018,2018,1,13
3048402,Donald Payne,LB,2017,,,
4686263,Pheldarius Payne,DT,2024,,,
4837388,VJ Payne,SAF,2026,2026,7,228
4879250,Cole Payton,QB,2026,2026,5,178
2971588,Jordan Payton,WR,2016,2016,5,154
4368350,Rico Payton,CB,2024,,,
3124030,Chris Peace,LB,2019,,,
2576498,Charone Peake,WR,2016,2016,7,241
5081394,James Pearce Jr.,DE,2025,2025,1,26
4360391,Julian Pearl,OT,2024,,,
4428209,Ricky Pearsall,WR,2024,2024,1,31
3053805,Colby Pearson,WR,2017,,,
4360794,Henry Pearson,TE,2023,,,
4368796,Josh Pearson,WR,2020,,,
3921936,Matt Peart,OT,2020,2020,3,99
2978278,Andrus Peat,G,2015,2015,1,13
4036595,Josh Pederson,TE,2023,,,
4565311,Aeneas Peebles,DT,2025,2025,6,210
4240927,Jayden Peevy,DT,2022,,,
4430896,JJ Pegues,DT,2025,2025,6,180
3134288,Kyle Peko,NT,2016,,,
3120366,Claude Pelon,DE,2016,,,
4575862,Trebor Pena,WR,2026,,,
4243257,John Penisini,DT,2020,2020,6,197
4360423,Michael Penix Jr.,QB,2024,2024,1,8
4428225,Jared Penning,G,2025,,,
4248627,Trevor Penning,OT,2022,2022,1,19
4361660,Trent Pennix,RB,2024,,,
2575965,Elijhaa Penny,FB,2016,,,
3139925,Rashaad Penny,RB,2018,2018,1,27
4258195,Donovan Peoples-Jones,WR,2020,2020,6,187
2979553,Taybor Pepper,LS,2017,,,
3115962,Jabrill Peppers,FS,2017,2017,1,25
4365839,David Perales,LB,2023,,,
4290778,Luis Perez,QB,2018,,,
4034952,La'Mical Perine,RB,2020,2020,4,120
3116389,Samaje Perine,RB,2017,2017,4,114
3675812,Bryce Perkins,QB,2020,,,
4694588,Devyn Perkins,SAF,2026,,,
4685502,Harold Perkins Jr.,LB,2026,2026,6,215
2578377,Josh Perkins,TE,2016,,,
3046702,Kent Perkins,OT,2017,,,
2971589,Paul Perkins,RB,2016,2016,5,149
4360274,Ronnie Perkins,LB,2021,2021,3,96
4880312,D'Arco Perkins-McAllister,CB,2026,,,
2972460,Breshad Perriman,WR,2015,2015,1,26
4362019,A.T. Perry,WR,2023,2023,6,195
4239936,E.J. Perry,QB,2022,,,
3892777,Jomal Wiltz,CB,2017,,,
2976306,Joshua Perry,LB,2016,2016,4,102
4039436,Malcolm Perry,RB,2020,2020,7,246
4428223,Mark Perry,SAF,2024,,,
2515955,Nick Perry,DB,2015,,,
4052609,Roderick Perry II,DT,2022,,,
2579621,Denzel Perryman,MLB,2015,2015,2,48
3894940,Brandon Person,DB,2015,,,
4361655,Ricky Person,RB,2022,,,
4569197,Tautala Pesefea,DT,2023,,,
4880106,Shiyazh Pete,OT,2026,,,
2972236,Nathan Peterman,QB,2017,2017,5,171
2265764,Brian Peters,LB,2015,,,
2578378,Marcus Peters,CB,2015,2015,1,18
2980070,Otha Peters,LB,2017,,,
4875848,Parker Petersen,DT,2026,,,
4371506,Camron Peterson,DE,2024,,,
4598574,Darryl Peterson III,OLB,2026,,,
2977742,Kevin Peterson,CB,2016,,,
4361368,Nicholas Petit-Frere,OT,2022,2022,3,69
2516908,Dan Pettinato,DE,2015,,,
3127306,Dante Pettis,WR,2018,2018,2,44
4428232,Dell Pettus,SAF,2024,,,
2578480,D.J. Pettway,DE,2016,,,
3916911,La'Michael Pettway,TE,2023,,,
2466005,Bryce Petty,QB,2015,2015,4,103
5084402,Ty Pezza,TE,2026,,,
5081728,Jeremiah Pharms Jr.,DT,2022,,,
4430314,Lonnie Phelps,DE,2023,,,
4367175,Kyle Philips,WR,2022,2022,5,163
4431321,Andru Phillips,DB,2024,2024,3,70
4244740,Antonio Phillips,CB,2021,,,
5084574,Bryce Phillips,CB,2026,,,
3124079,Cam Phillips,WR,2018,,,
3115911,Carroll Phillips,DE,2017,,,
4429067,Clark Phillips III,CB,2023,2023,4,113
3042785,Darius Phillips,CB,2018,2018,5,170
4240528,Del'Shawn Phillips,LB,2019,,,
3117255,Harrison Phillips,DT,2018,2018,3,96
4242206,Jacob Phillips,LB,2020,2020,3,97
4242975,Jaelan Phillips,LB,2021,2021,1,18
2577466,Jordan Phillips,DT,2015,2015,2,52
4837188,Jordan Phillips,DT,2025,2025,5,143
3122441,Justin Phillips,LB,2019,,,
3886528,Kyle Phillips,DE,2019,,,
4362878,Scottie Phillips,RB,2020,,,
2512378,Shakim Phillips,WR,2015,,,
4242247,Tyre Phillips,G,2020,2020,3,106
2980071,Darius Philon,DT,2015,2015,6,192
4258235,Whop Philyor,WR,2021,,,
4426354,George Pickens,WR,2022,2022,2,52
4426332,Zacch Pickens,DT,2023,2023,3,64
3117414,Adarius Pickett,DB,2019,,,
4688538,Justin Pickett,G,2026,,,
4240703,Kenny Pickett,QB,2022,2022,1,20
4360078,Alec Pierce,WR,2022,2022,2,53
4042808,Artavis Pierce,RB,2020,,,
2516722,Casey Pierce,TE,2015,,,
4242661,Chris Pierce,TE,2022,,,
4360238,Dameon Pierce,RB,2022,2022,4,107
4698119,Hollin Pierce,OT,2025,,,
2972144,Michael Pierce,DT,2016,,,
2970409,Markus Pierce-Brewster,LB,2015,,,
5082648,Bryce Pierre,TE,2025,,,
4259252,James Pierre,CB,2020,,,
2579622,Olsen Pierre,DT,2015,,,
3126364,Ross Pierschbacher,C,2019,2019,5,153
3121398,De'Mornay Pierson-El,WR,2019,,,
4259651,Brandon Pili,DT,2023,,,
4240866,Kalil Pimpleton,WR,2022,,,
4037467,Michael Pinckney,LB,2020,,,
4361915,Sam Pinckney,WR,2024,,,
4034949,Eddy Pineiro,K,2018,,,
2977680,Bradley Pinion,P,2015,2015,5,165
2512892,Larry Pinkard,WR,2015,,,
3915772,Jared Pinkney,TE,2020,,,
4240706,Jason Pinnock,SAF,2021,2021,5,175
3915470,Danny Pinter,G,2020,2020,5,149
2972562,Lenzy Pipkins,CB,2017,,,
2977620,Ondre Pipkins,DT,2017,,,
4411189,Trey Pipkins,OT,2019,2019,3,91
4844640,Max Pircher,OT,2021,,,
4241223,Jalen Pitre,SAF,2022,2022,2,37
4423367,Anthony Pittman,LB,2019,,,
3128455,Jamiyus Pittman,DT,2018,,,
4035687,Michael Pittman,WR,2020,2020,2,34
4241884,Derrek Pitts,CB,2023,,,
4360248,Kyle Pitts,TE,2021,2021,1,4
2576665,Lafayette Pitts,CB,2016,,,
4248099,Thyrick Pitts,WR,2023,,,
4880609,Carlins Platel,CB,2022,,,
4683485,Sandro Platzgummer,RB,2020,,,
3920814,Austen Pleasants,OL,2020,,,
4911517,Mason Pline,TE,2024,,,
4039210,Drew Plitt,QB,2023,,,
4426494,John Rhys Plumlee,WR,2024,,,
2961162,Jack Plummer,QB,2024,,,
2575025,Terrance Plummer,LB,2015,,,
3042738,Ethan Pocic,C,2017,2017,2,58
4877329,Jason Poe,G,2022,,,
4039604,Shawn Poindexter,WR,2019,,,
4259632,Isaiah Pola-Mao,SAF,2022,,,
5153070,Esa Pole,OL,2025,,,
3052996,Quentin Poling,LB,2018,2018,7,227
4034967,Jachai Polite,LB,2019,2019,3,68
4039271,Tony Poljan,TE,2021,,,
4430637,Ja'Lynn Polk,WR,2024,2024,2,37
4430325,Makai Polk,WR,2022,,,
4430326,Norell Pollard,DT,2024,,,
3916148,Tony Pollard,RB,2019,2019,4,128
4037491,Elijah Ponder,LB,2021,,,
4688432,Elijah Ponder,LB,2025,,,
5118340,D'Angelo Ponds,CB,2026,2026,2,50
2980115,Brian Poole,CB,2016,,,
2976121,Terry Poole,OT,2015,2015,4,130
3917563,Ryan Pope,OT,2019,,,
2983319,Troymaine Pope,RB,2016,,,
4430330,Darien Porter,CB,2025,2025,3,68
4691005,Daryl Porter,DB,2025,,,
3059832,Jackson Porter,DB,2019,,,
4426506,Joey Porter Jr.,CB,2023,2023,2,32
2971659,Reggie Porter,CB,2017,,,
3886826,Benning Potoa'e,DE,2020,,,
4360317,B.T. Potter,K,2026,,,
4602984,Diego Pounds,OT,2026,,,
2971660,Jeremiah Poutasi,G,2015,2015,3,66
2978216,Darius Powe,WR,2016,,,
3115255,Brandon Powell,WR,2018,,,
4035465,Cornell Powell,WR,2021,2021,5,181
3040141,Damond Powell,WR,2015,,,
4006388,Joe Powell,DB,2016,,,
4833031,Mani Powell,LB,2026,,,
2976308,Tyvis Powell,DB,2016,,,
4429009,Antwaun Powell-Ryland,LB,2025,2025,6,209
4037650,Ben Powers,G,2019,2019,4,123
4875295,Jackson Powers-Johnson,C,2024,2024,2,44
2510612,Kyle Prater,WR,2016,,,
4431509,Kaden Prather,WR,2026,2025,7,240
3116724,Germaine Pratt,LB,2019,2019,3,72
4685039,Michael Pratt,QB,2024,2024,7,245
4608929,Emmanuel Pregnon,G,2026,2026,3,88
3929914,Adam Prentice,FB,2021,,,
4869965,Kobe Prentice,WR,2026,,,
2577417,Dak Prescott,QB,2016,2016,4,135
2971022,Gimel President,LB,2017,,,
4431342,Brennan Presley,WR,2025,,,
4879189,Hal Presley,WR,2025,,,
2974212,Jhurrell Pressley,RB,2016,,,
3930048,Willington Previlon,DT,2020,,,
4030779,Bobby Price,DB,2020,,,
3040661,Brian Price,DT,2016,,,
4244651,D'vonte Price,RB,2022,,,
2576666,Ejuan Price,LB,2017,2017,7,234
2576355,Givens Price,OT,2016,,,
4685512,Jadarian Price,RB,2026,2026,1,32
4383391,Jayden Price,CB,2025,,,
2979554,Josiah Price,TE,2018,,,
4430656,Myles Price,WR,2025,,,
3123982,Norman Price,OT,2016,,,
3051407,Billy Price,C,2018,2018,1,21
4698598,Toriano Pride Jr.,CB,2026,2026,7,220
4046679,Troy Pride,CB,2020,2020,4,113
4040626,Malcolm Pridgeon,G,2019,,,
4432503,Josh Priebe,G,2025,,,
4687509,Caden Prieskorn,TE,2025,,,
4917235,Melvin Priestly,OL,2026,,,
4428283,Deantre Prince,CB,2024,2024,5,153
4372526,Deneric Prince,RB,2023,,,
4374361,Gerrit Prince,TE,2022,,,
3915532,Isaiah Prince,OT,2019,2019,6,202
3039713,R.J. Prince,G,2018,,,
4036416,Byron Pringle,WR,2018,,,
3140807,Raysean Pringle,DB,2017,,,
4892576,Jamaal Pritchett,WR,2025,,,
4567222,Nehemiah Pritchett,CB,2024,2024,5,136
3916204,James Proche,WR,2020,2020,6,201
4870976,Kadyn Proctor,OT,2026,2026,1,12
5084514,Kaleb Proctor,DT,2026,2026,4,104
3116680,Austin Proehl,WR,2018,2018,7,255
4239406,Blake Proehl,WR,2021,,,
2980148,C.J. Prosise,RB,2016,2016,3,90
2981210,Jimmy Pruitt,CB,2016,,,
2508256,MyCole Pruitt,TE,2015,2015,5,143
4606666,Karon Prunty,CB,2026,2026,5,171
4383684,Joshua Pryor,DE,2023,,,
4035776,Kendric Pryor,WR,2022,,,
4878842,Layne Pryor,TE,2025,,,
3055886,Matt Pryor,OT,2018,2018,6,206
4685523,Ephesians Prysock,CB,2026,2026,4,139
2510601,Hayes Pullard,LB,2015,2015,7,219
5082391,Maximus Pulley,SAF,2026,,,
2577792,Spencer Pulley,C,2016,,,
3047519,Donnel Pumphrey,RB,2017,2017,4,132
4329476,Derrick Puni,OT,2019,,,
5092959,Dominick Puni,OT,2024,2024,3,86
4701177,Myles Purchase,SAF,2025,,,
4361741,Brock Purdy,QB,2022,2022,7,262
4426393,Will Putnam,C,2024,,,
4837252,Jack Pyburn,LB,2026,,,
3052175,Elijah Qualls,DT,2017,2017,6,214
4037468,Shaquille Quarterman,LB,2020,2020,4,140
4242207,Patrick Queen,LB,2020,2020,1,28
3045249,Kyle Queiro,LB,2018,,,
4421391,Durval Queiroz,G,2019,,,
2575891,Paul Quessenberry,TE,2020,,,
3047572,Scott Quessenberry,C,2018,2018,5,155
3115365,Trey Quinn,WR,2018,2018,7,256
4684030,TJ Quinn,LB,2026,,,
4374045,Teagan Quitoriano,TE,2022,2022,5,170
2573986,Travis Raciti,DE,2015,,,
2970183,Brandon Radcliff,RB,2017,,,
3049290,Kevin Rader,TE,2019,,,
4040945,Dillon Radunz,OT,2021,2021,2,53
4040728,Trey Ragas,RB,2021,,,
2979855,Reggie Ragland,ILB,2016,2016,2,41
3128689,Frank Ragnow,G,2018,2018,1,20
3917787,T.J. Rahming,WR,2019,,,
2511874,Collin Rahrig,G,2015,,,
4431345,Isaiah Raikes,NT,2025,,,
4362580,Bernhard Raimann,OT,2022,2022,3,77
4040771,John Raine,TE,2021,,,
4566092,Ennis Rakestraw Jr.,CB,2024,2024,2,61
3893625,Nick Ralston,FB,2021,,,
4241397,Charleston Rambo,WR,2023,,,
3917676,Ryan Ramczyk,OT,2017,2017,1,32
4569068,Jose Ramirez,LB,2023,2023,6,196
3045373,Jalen Ramsey,CB,2016,2016,1,5
4685518,Kamari Ramsey,SAF,2026,2026,5,141
3128675,Randy Ramsey,LB,2019,,,
4685526,Adam Randall,RB,2026,2026,5,174
3043258,Damarious Randall,S,2015,2015,1,30
2577709,Brian Randolph,DB,2016,,,
4428304,Garmon Randolph,LB,2025,,,
2980475,Shakiel Randolph,DB,2016,,,
3894924,Martinas Rankin,OT,2018,2018,3,80
2970204,Sheldon Rankins,DT,2016,2016,1,12
4683347,Caleb Ransaw,CB,2025,2025,3,88
4429110,Lathan Ransom,SAF,2025,2025,4,122
4039007,Taylor Rapp,SAF,2019,2019,2,61
4831959,Eli Raridon,TE,2026,2026,3,95
2577297,Jermauria Rasco,LB,2015,,,
2970012,Shakeel Rashad,LB,2016,,,
4042827,Hamilcar Rashed Jr.,DE,2021,,,
4031140,Clint Ratkovich,RB,2022,,,
4429035,Tate Ratledge,G,2025,2025,2,57
3895857,Damion Ratley,WR,2018,2018,6,175
3895828,Anthony Ratliff-Williams,WR,2019,,,
4426339,Spencer Rattler,QB,2024,2024,5,150
2578685,Floyd Raven,DB,2015,,,
4700676,C.J. Ravenell,DE,2024,,,
2576237,Thomas Rawls,RB,2015,,,
4241473,LaBryan Ray,DT,2022,,,
2577371,Shane Ray,LB,2015,2015,1,23
3915285,Wyatt Ray,LB,2019,,,
4429030,Andrew Raym,C,2024,,,
3932963,Dax Raymond,TE,2019,,,
2973405,Kalif Raymond,WR,2016,,,
4430670,Daveren Rayner,LB,2026,,,
2977670,DJ Reader,DT,2016,2016,5,166
4241802,Jalen Reagor,WR,2020,2020,1,21
3125248,Jeremy Reaves,DB,2018,,,
3124080,C.J. Reavis,DB,2018,,,
4877738,Brock Rechsteiner,WR,2026,,,
2980504,Haason Reddick,OLB,2017,2017,1,13
3045763,Teo Redding,WR,2018,,,
17495,Kasey Redfern,P,2015,,,
4431346,Mark Redman,TE,2025,,,
4331771,Quincy Redmon,DE,2018,,,
2566609,Adam Redmond,C,2016,,,
3047571,Alex Redmond,G,2016,,,
4360277,Jalen Redmond,DL,2024,,,
2971364,Will Redmond,CB,2016,2016,3,68
3917852,Sheldrick Redwine,DB,2019,2019,4,119
4368343,Austin Reed,QB,2024,,,
2577574,Cedric Reed,DE,2015,,,
3163375,Chris Reed,G,2015,,,
3139387,D.J. Reed,CB,2018,2018,5,142
4876995,Ja'Seem Reed,WR,2025,,,
3917012,J.R. Reed,SAF,2020,,,
3115312,Jarran Reed,DT,2016,2016,2,49
4362249,Jayden Reed,WR,2023,2023,2,50
4432758,Jaylen Reed,SAF,2025,2025,6,187
4570084,Jerrick Reed II,SAF,2023,2023,6,198
4037591,Joe Reed,WR,2020,2020,5,151
2972090,Kalan Reed,DB,2016,2016,7,253
3124634,Malik Reed,LB,2019,,,
4691043,Nikko Reed,DB,2025,,,
2512218,Trovon Reed,CB,2015,,,
4606712,Ar'maj Reed-Adams,G,2026,2026,7,241
3116177,Troy Reeder,LB,2019,,,
5208436,Louis Rees-Zammit,RB,2024,,,
4683506,Albert Reese,OT,2026,,,
4950400,Arvell Reese,LB,2026,2026,1,5
4379411,Otis Reese,LB,2023,,,
3044729,Jalen Reeves-Maybin,LB,2017,2017,4,124
4612298,Albert Regis,DT,2026,2026,3,81
3060187,Austin Rehkow,P,2020,,,
4608820,Ryan Rehkow,P,2024,,,
4567104,Will Reichard,K,2024,2024,6,203
3929653,John Reid,CB,2020,2020,4,141
3931399,Justin Reid,S,2018,2018,3,68
4875336,Karene Reid,LB,2025,,,
4775268,Michael Reid,CB,2025,,,
4251125,Winston Reid,LB,2024,,,
4691903,Mason Reiger,DE,2026,,,
2974328,Brandon Reilly,WR,2017,,,
4696700,Tip Reiman,TE,2024,2024,3,82
2514816,Austin Reiter,C,2015,2015,7,222
4372716,Nikko Remigio,WR,2023,,,
2573314,Blake Renaud,RB,2015,,,
3144996,Keegan Render,C,2019,,,
3914456,Tyshun Render,DE,2020,,,
3135321,Hunter Renfrow,WR,2019,2019,5,149
17033,Bryn Renner,QB,2015,,,
4431353,Xavier Restrepo,WR,2025,,,
5095865,Shavon Revel Jr.,CB,2025,2025,3,76
3148929,Sammis Reyes,TE,2021,,,
4421446,Craig Reynolds,RB,2019,,,
3115306,Josh Reynolds,WR,2017,2017,4,117
2970457,Keenan Reynolds,WR,2016,2016,6,182
17239,Micajah Reynolds,DT,2015,,,
3144994,Ross Reynolds,G,2019,,,
4258485,Jon Rhattigan,LB,2021,,,
2566045,Luke Rhodes,LS,2016,,,
4426411,Sean Rhyan,OT,2022,2022,3,92
4252230,Forrest Rhyne,LB,2022,,,
2975417,Patrick Ricard,RB,2017,,,
3916749,Giovanni Ricci,TE,2020,,,
4686781,Brenden Rice,WR,2024,2024,7,225
2565759,Denzel Rice,DB,2015,,,
4240692,Monty Rice,LB,2021,2021,3,92
4428331,Rashee Rice,WR,2023,2023,2,55
2972091,Jalen Richard,RB,2016,,,
4430379,Asim Richards,OT,2023,2023,5,169
4084949,Jeff Richards,DB,2017,,,
2577139,Jordan Richards,FS,2015,2015,2,64
3122442,Ramon Richards,DB,2018,,,
3124369,A.J. Richardson,WR,2019,,,
4429084,Anthony Richardson,QB,2023,2023,1,4
2578316,Bobby Richardson,DE,2015,,,
4605498,Decamerion Richardson,CB,2024,2024,4,112
4426926,Demani Richardson,SAF,2024,,,
4361480,Devin Richardson,LB,2024,,,
4430689,Dominic Richardson,RB,2026,,,
2980480,Horace Richardson,CB,2017,,,
4685183,JP Richardson,WR,2025,,,
3116072,Steven Richardson,DT,2018,,,
4255255,Whitney Richardson,DE,2017,,,
3116739,Will Richardson,OT,2018,2018,4,129
4432525,Mason Richman,G,2025,2025,7,234
4875564,Bo Richter,LB,2024,,,
4429011,Eli Ricks,CB,2023,,,
4239086,Desmond Ridder,QB,2022,2022,3,74
2589809,Shaquille Riddick,LB,2015,2015,5,158
2971725,Hassan Ridgeway,DT,2016,2016,4,116
4248047,John Ridgeway,DT,2022,2022,5,178
3925357,Calvin Ridley,WR,2018,2018,1,26
4035015,Riley Ridley,WR,2019,2019,4,126
4428347,Yvandy Rigby,LB,2024,,,
4035065,Justin Rigg,TE,2022,,,
2516063,Cody Riggs,CB,2015,,,
2576883,Jordan Rigsbee,G,2016,,,
4431360,Cam Riley,LB,2025,,,
2525492,Curtis Riley,FS,2015,,,
3042725,Duke Riley,MLB,2017,2017,3,75
4036924,Elijah Riley,DB,2020,,,
4240677,Jordon Riley,DT,2023,2023,7,243
4360803,Marcus Riley,WR,2024,,,
4428350,Quincy Riley,CB,2025,2025,4,131
4683244,Tomas Rimac,G,2026,,,
2574023,Christian Ringo,DE,2015,2015,6,210
4428992,Kelee Ringo,CB,2023,2023,4,105
2971592,Marcus Rios,CB,2017,,,
2577467,Aaron Ripkowski,FB,2015,2015,6,206
3125082,Dalton Risner,G,2019,2019,2,41
4431584,Jahvaree Ritzie,DT,2026,,,
4702918,Chandler Rivers,CB,2026,2026,5,162
3915186,Chauncey Rivers,LB,2020,,,
3049271,David Rivers,CB,2017,,,
3049268,Derek Rivers,DE,2017,2017,3,83
4713277,Eric Rivers Jr.,WR,2026,,,
4429010,Jalen Rivers,OT,2025,2025,5,153
4243003,Ronnie Rivers,RB,2022,,,
4695758,Jacob Rizy,C,2026,,,
4039064,Malcolm Roach,DT,2020,,,
2514179,Trevor Roach,LB,2015,,,
4430404,Aidan Robbins,RB,2024,,,
4258197,Brad Robbins,P,2023,2023,6,217
3125126,Derick Roberson,LB,2019,,,
4240429,Jaquarii Roberson,WR,2022,,,
4241888,Reggie Roberson Jr.,WR,2022,,,
2578317,Tre Roberson,DB,2016,,,
3134314,Austin Roberts,TE,2018,,,
4714388,Chase Roberts,WR,2026,,,
2515490,Darryl Roberts,CB,2015,2015,7,247
3059553,C.J. Roberts,DB,2015,,,
2987743,Elandon Roberts,OLB,2016,2016,6,214
4690795,Elijah Roberts,DE,2025,2025,5,157
3139108,Greg Roberts,LB,2019,,,
4566165,JJ Roberts,DB,2025,,,
4575369,Jacob Roberts,LB,2026,,,
4431529,Jaeden Roberts,G,2026,,,
2126794,Kyle Roberts,OT,2015,,,
3059945,Michael Roberts,TE,2017,2017,4,127
4077786,Sam Roberts,DE,2022,2022,6,200
4239694,Amik Robertson,CB,2020,2020,4,139
2577651,Pete Robertson,LB,2017,,,
4892440,Parker Robertson,SAF,2026,,,
2574891,Roy Robertson-Harris,DE,2016,,,
4880638,Kye Robichaux,RB,2025,,,
3054857,A'Shawn Robinson,DT,2016,2016,2,46
4040979,Aaron Robinson,CB,2021,2021,3,71
4254276,Alton Robinson,LB,2020,2020,5,148
4430807,Bijan Robinson,RB,2023,2023,1,8
4241474,Brian Robinson,RB,2022,2022,3,98
3115313,Cam Robinson,OT,2017,2017,2,34
2516338,Corey Robinson,OT,2015,2015,7,240
4705561,Corey Robinson II,OT,2026,,,
4044448,Curtis Robinson,LB,2021,,,
4569480,Darius Robinson,DL,2024,2024,1,27
3043116,Demarcus Robinson,WR,2016,2016,4,126
4431586,Chop Robinson,LB,2024,2024,1,21
4244300,Dominique Robinson,DE,2022,2022,5,174
3137087,Edmond Robinson,LB,2015,2015,7,232
4876614,Ethan Robinson,CB,2025,,,
4374032,Jaden Robinson,CB,2025,,,
4433887,Jahquez Robinson,SAF,2026,,,
4612272,Jakob Robinson,CB,2025,,,
2574024,Jamal Robinson,WR,2016,,,
4052042,James Robinson,RB,2020,,,
4430411,Jammie Robinson,SAF,2023,2023,5,145
4035604,Janarius Robinson,DE,2021,2021,4,134
3007919,Jevoni Robinson,TE,2017,,,
2577419,Josh Robinson,RB,2015,2015,6,205
4567095,Keilan Robinson,RB,2024,2024,5,167
4241889,Kenny Robinson,SAF,2020,2020,5,152
4373087,Lance Robinson,CB,2024,,,
5081542,Landon Robinson,DT,2026,2026,7,226
4428368,Layden Robinson,G,2024,2024,4,103
4249342,Mark Robinson,LB,2022,2022,7,225
5082541,Marquise Robinson,DB,2025,,,
4695280,Micah Robinson,CB,2025,2025,7,237
4692048,Que Robinson,LB,2025,2025,4,134
3042718,Rashard Robinson,CB,2016,2016,4,133
3917006,Reggie Robinson II,CB,2020,2020,4,123
4690179,Tavius Robinson,LB,2023,2023,4,124
4569586,Ty Robinson,DT,2025,2025,4,111
3052080,Tyree Robinson,DB,2018,,,
4241398,Tyrese Robinson,G,2022,,,
4569587,Wan'Dale Robinson,WR,2022,2022,2,43
4044145,Quincy Roche,LB,2021,2021,6,216
3052894,Isaac Rochell,DE,2017,2017,7,225
4032200,Robert Rochell,CB,2021,2021,4,130
4700149,Rashad Rochelle,WR,2026,,,
4239992,Amari Rodgers,WR,2021,2021,3,85
4044540,Isaiah Rodgers,CB,2020,2020,6,211
2517074,Jake Rodgers,OT,2015,2015,7,225
4362619,Chris Rodriguez Jr.,RB,2023,2023,6,193
4566094,Jacob Rodriguez,LB,2026,2026,2,43
5093973,Levi Drake Rodriguez,DL,2024,2024,7,232
4241411,Malcolm Rodriguez,LB,2022,2022,6,188
4056052,Armani Rogers,TE,2022,,,
4433889,Caleb Rogers,OT,2025,2025,3,98
4361189,Casey Rogers,DT,2024,,,
2983209,Chester Rogers,WR,2016,,,
4710711,DJ Rogers,TE,2026,,,
2971617,Darreus Rogers,WR,2017,,,
2576643,Eli Rogers,WR,2015,,,
16480,Eric Rogers,WR,2016,,,
4433895,Eric Rogers,CB,2025,,,
4692185,Justin Rogers,DT,2024,2024,7,244
3045472,Sam Rogers,FB,2017,2017,6,206
3913295,Justin Rohrwasser,K,2020,2020,5,159
4428383,Christian Roland-Wallace,CB,2024,,,
4896353,Jimmy Rolder,LB,2026,2026,4,118
4367837,Spencer Rolland,OT,2024,,,
3042354,Ja'Von Rolland-Jones,DE,2018,,,
3125961,Quinten Rollins,CB,2015,2015,2,62
4051167,John Parker Romo,K,2023,,,
2977779,Jordan Roos,G,2017,,,
3068939,Aldrick Rosas,K,2017,,,
4035068,A.J. Rose,RB,2021,,,
4428390,Keivie Rose,DT,2025,,,
2971728,Nick Rose,K,2017,,,
3042619,Winston Rose,DB,2020,,,
4429019,Marcus Rosemy-Jacksaint,WR,2024,,,
3886377,Josh Rosen,QB,2018,2018,1,10
4430876,Roger Rosengarten,OT,2024,2024,2,62
4569001,Cameron Ross,WR,2026,,,
3139389,D'Angelo Ross,CB,2019,,,
4220624,Daniel Ross,DT,2017,,,
3052122,Devin Ross,WR,2018,,,
4709678,Devonte Ross,WR,2026,,,
3044857,Fred Ross,WR,2017,,,
2567729,Joel Ross,CB,2015,,,
3052177,John Ross,WR,2017,2017,1,9
4258198,Josh Ross,LB,2022,,,
4360306,Justyn Ross,WR,2022,,,
2513151,Matt Rotheram,G,2015,,,
3060151,Bunmi Rotimi,DE,2021,,,
2976182,Chase Roullier,C,2017,2017,6,199
2972140,Josh Rounds,RB,2017,,,
4241205,Larry Rountree III,RB,2021,2021,6,198
4430431,Kurtis Rourke,QB,2025,2025,7,227
4244688,Nathan Rourke,QB,2023,,,
4428394,Walter Rouse,OT,2024,2024,6,177
4685504,Sam Roush,TE,2026,2026,3,69
4362506,Greg Rousseau,LB,2021,2021,1,30
4574860,Kyrese Rowan,WR,2025,,,
2576002,Eric Rowe,CB,2015,2015,2,47
4052137,Chris Rowland,WR,2020,,,
4035407,Bravvion Roy,DT,2020,2020,6,184
4429034,Jaquelin Roy,DT,2023,2023,5,141
5082630,Jalen Royals,WR,2025,2025,4,133
4565859,Joe Royer,TE,2026,2026,5,170
3909013,Christian Rozeboom,LB,2020,,,
4567896,Paul Rubelt,OT,2026,,,
4428396,Hayden Rucci,TE,2024,,,
4431587,Nolan Rucci,OT,2026,,,
4433901,Corey Rucker,WR,2026,,,
4433904,Kaimon Rucker,LB,2025,,,
4361372,Jeremy Ruckert,TE,2022,2022,3,101
2582424,Jake Rudock,QB,2016,2016,6,191
3116407,Mason Rudolph,QB,2018,2018,3,76
3122935,Travis Rudolph,WR,2017,,,
4433906,Trayvon Rudolph,WR,2026,,,
4241475,Henry Ruggs III,WR,2020,2020,1,12
4258199,Cesar Ruiz,C,2020,2020,1,24
4240475,Chris Rumph II,LB,2021,2021,4,118
3929936,Jon Runyan,G,2020,2020,6,192
5155825,Carter Runyon,TE,2025,,,
4916597,Andrew Rupcich,G,2022,,,
4239817,Anthony Rush,NT,2019,,,
2972515,Cooper Rush,QB,2017,,,
4362858,Darius Rush,CB,2023,2023,5,138
2515422,Marcus Rush,LB,2015,,,
4360947,Thomas Rush,LB,2023,,,
3115968,Brandon Rusnak,DB,2019,,,
2980238,Alonzo Russell,WR,2016,,,
4243176,Brady Russell,RB,2023,,,
3923413,Chapelle Russell,LB,2020,2020,7,241
4430436,Chris Russell,LB,2024,,,
3121587,Dontavius Russell,DT,2019,2019,7,235
4243366,J.J. Russell,ILB,2022,,,
5209588,Jotham Russell,DE,2024,,,
2980150,KeiVarae Russell,CB,2016,2016,3,74
2511687,Ryan Russell,DE,2015,2015,5,163
4040430,Kody Russey,C,2022,,,
4611153,Taylor Russolino,K,2020,,,
4839498,Keylan Rutledge,G,2026,2026,1,26
4685540,Carsen Ryan,TE,2026,2026,7,248
2515337,Jake Ryan,LB,2015,2015,4,129
4055187,Liam Ryan,OT,2022,,,
4360972,Sean Ryan,WR,2023,,,
3050670,Shakeir Ryan,WR,2017,,,
4363538,Chad Ryland,K,2023,2023,4,112
3722362,Brett Rypien,QB,2019,,,
5083315,Kenyon Sadiq,TE,2026,2026,1,16
3917679,Olive Sagapolu,DT,2019,,,
4428414,Mike Sainristil,CB,2024,2024,2,50
4213004,Joby Saint Fleur,DE,2017,,,
2977954,Victor Salako,OT,2017,,,
4361600,Nick Saldiveri,G,2023,2023,4,103
4243977,Tavonn Salter,WR,2019,,,
4039403,Teton Saltes,G,2021,,,
4379412,Jamaree Salyer,G,2022,2022,6,195
4250510,Andre' Sam,SAF,2024,,,
3128801,Christian Sam,LB,2018,2018,6,178
4428421,Nick Samac,C,2024,2024,7,228
2514397,Ty Sambrailo,OT,2015,2015,2,59
3821678,Dru Samia,G,2019,2019,4,114
4243923,Cameron Sample,DE,2021,2021,4,111
3127310,Drew Sample,TE,2019,2019,2,52
2578381,James Sample,S,2015,2015,4,104
5081397,Dylan Sampson,RB,2025,2025,4,126
4363034,Asante Samuel Jr.,CB,2021,2021,2,47
3121427,Curtis Samuel,WR,2017,2017,2,40
3126486,Deebo Samuel Sr.,WR,2019,2019,2,36
3116721,Jaylen Samuels,RB,2018,2018,5,165
4240024,Stanford Samuels III,CB,2020,,,
4372576,Jack Sanborn,LB,2022,,,
4569337,Ryan Sanborn,P,2024,,,
3914922,Rigoberto Sanchez,P,2017,,,
2976596,Zack Sanchez,CB,2016,2016,5,141
4685721,Drew Sanders,LB,2023,2023,3,67
4431588,Ja'Tavion Sanders,TE,2024,2024,4,101
3124679,Jason Sanders,K,2018,2018,7,229
4259908,Braylon Sanders,WR,2022,,,
4907543,Marcus Sanders Jr.,WR,2026,,,
4045163,Miles Sanders,RB,2019,2019,2,53
4360080,Myjai Sanders,LB,2022,2022,3,100
4601080,Raheim Sanders,RB,2025,,,
4432762,Shedeur Sanders,QB,2025,2025,5,144
4684527,T.J. Sanders,DT,2025,2025,2,41
3039705,Beau Sandland,TE,2016,2016,7,252
4569588,Phalen Sanford,DB,2024,,,
4683813,Jonas Sanker,SAF,2025,2025,3,93
2986701,Darnell Sankey,LB,2016,,,
4339173,Tigie Sankoh,DB,2018,,,
3040204,Ryan Santoso,K,2019,,,
4360944,Benny Sapp III,SAF,2023,,,
4889957,Tyreak Sapp,DE,2026,,,
4242555,Foster Sarell,OT,2021,,,
4379504,Mekhi Sargent,RB,2021,,,
5088338,Elijah Sarratt,WR,2026,2026,4,115
2975863,Eric Saubert,TE,2017,2017,5,174
4566158,Ben Sauls,K,2025,,,
4040627,C.J. Saunders,WR,2021,,,
2574637,De'Ante Saunders,CB,2015,,,
4608762,John Saunders Jr.,SAF,2025,,,
4599150,Kahlil Saunders,DT,2026,,,
3121634,Khalen Saunders,DT,2019,2019,3,84
5085942,Treyvhon Saunders,WR,2026,,,
3915419,Darnell Savage,SAF,2019,2019,1,21
3128354,Ira Savage-Lewis,DT,2019,,,
4819257,Jonah Savaiinaea,G,2025,2025,2,37
4431590,Jack Sawyer,LB,2025,2025,4,123
2972765,Wes Saxton,TE,2015,,,
4220625,Marcus Sayles,CB,2017,,,
4383429,Jacob Saylors,RB,2023,,,
4362517,DJ Scaife,OT,2023,,,
3128268,Tegray Scales,LB,2018,,,
3126367,Bo Scarbrough,RB,2018,2018,7,236
3127376,Charles Scarff,TE,2019,,,
2576885,Brennan Scarlett,OLB,2016,,,
3915115,Jordan Scarlett,RB,2019,2019,5,154
3126035,Max Scharping,G,2019,2019,2,55
4287933,Brandon Scherff,G,2015,2015,1,5
5344428,Ryan Schernecke,OT,2026,,,
2577793,Steven Scheu,TE,2016,,,
2568756,Ross Scheuerman,WR,2015,,,
4038544,Austin Schlottmann,C,2018,,,
4034786,Sam Schlueter,OT,2022,,,
4240771,John Michael Schmitz,C,2023,2023,2,57
3126075,Spencer Schnell,WR,2019,,,
2977819,Joe Schobert,MLB,2016,2016,4,99
3916124,Dalton Schoen,WR,2021,,,
2586438,Jeff Schoettmer,LB,2016,,,
4047941,Brenden Schooler,SAF,2022,,,
4372096,Luke Schoonmaker,TE,2023,2023,2,58
4391845,Cody Schrader,RB,2024,,,
4685549,Billy Schrauth,G,2026,2026,5,160
2972331,Mason Schreck,TE,2017,2017,7,251
3117256,Dalton Schultz,TE,2018,2018,4,137
2979600,Evan Schwan,DE,2017,,,
4371986,Anthony Schwartz,WR,2021,2021,3,91
2581273,Wes Schweitzer,G,2016,2016,6,195
4876017,Carson Schwesinger,LB,2025,2025,2,33
4362020,Nick Sciba,K,2022,,,
4338875,Christian Scotland-Williamson,TE,2018,,,
3122839,Artavis Scott,WR,2017,,,
4569202,Ben Scott,G,2025,,,
3051439,Boston Scott,RB,2018,2018,6,201
3122167,Caleb Scott,WR,2018,,,
2579623,Rashawn Scott,WR,2016,,,
3056577,Da'Mari Scott,WR,2018,,,
4242415,Daniel Scott,SAF,2023,2023,5,158
3916220,Delontae Scott,DE,2020,,,
4248032,Eric Scott Jr.,CB,2023,2023,6,178
4429115,Gee Scott Jr.,TE,2025,,,
4040792,Jaleel Scott,WR,2018,2018,4,132
4240346,Jared Scott,TE,2022,,,
3126368,J.K. Scott,P,2018,2018,5,172
4242495,Jordan Scott,NT,2021,,,
4241977,Josiah Scott,CB,2020,2020,4,137
5093694,Keionte Scott,CB,2026,2026,4,116
4879972,Lucas Scott,RB,2025,,,
4880014,Miles Scott,SAF,2026,2026,7,246
3116179,Nick Scott,SAF,2019,2019,7,243
4329484,Niles Scott,NT,2018,,,
4700138,Sam Scott,RB,2026,,,
2577110,Tim Scott,DB,2015,,,
3123303,Trent Scott,OT,2018,,,
4565908,Tyler Scott,WR,2023,2023,4,133
4038538,Vernon Scott,DB,2020,2020,7,236
4257364,Zavier Scott,RB,2023,,,
4833355,Nic Scourton,LB,2025,2025,2,51
4361425,Juice Scruggs,C,2023,2023,2,62
4036183,Joe Sculthorpe,C,2021,,,
2977745,Jhajuan Seales,WR,2017,,,
3051806,Ricky Seals-Jones,TE,2017,,,
3909346,Isaiah Searight,TE,2019,,,
2982323,Brad Seaton,OT,2017,2017,7,236
3821683,Austin Seibert,K,2019,2019,5,170
4832523,Bernhard Seikovits,TE,2021,,,
2574931,Tim Semisch,TE,2015,,,
3051376,Deadrin Senat,DT,2018,2018,3,90
4034522,Greg Senat,OT,2018,2018,6,212
2971388,Justin Senior,OT,2017,2017,6,210
4428458,Valentin Senn,OL,2025,,,
4241401,Trey Sermon,RB,2021,2021,3,88
3929956,Tim Settle,DT,2018,2018,5,163
2978247,Isaac Seumalo,G,2016,2016,3,79
5081916,Uso Seumalo,NT,2026,,,
2979681,Canaan Severin,WR,2016,,,
4682641,Marlen Sewell,SAF,2026,,,
4241611,Nephi Sewell,LB,2022,,,
4430822,Noah Sewell,LB,2023,2023,5,148
4373825,Penei Sewell,OT,2021,2021,1,7
4039339,Mathew Sexton,WR,2023,,,
3930054,Kamaal Seymour,OT,2020,,,
2971603,Kevon Seymour,CB,2016,2016,6,218
2515208,Al-Hajj Shabazz,DB,2016,,,
4039042,Zach Shackelford,C,2020,,,
4259565,Justin Shaffer,G,2022,2022,6,190
4032473,Rashid Shaheed,WR,2022,,,
4198676,Adam Shaheen,TE,2017,2017,2,45
4373678,Khalil Shakir,WR,2022,2022,5,148
3122894,Maurquice Shakir,G,2017,,,
4248068,Aaron Shampklin,RB,2022,,,
4709695,Karson Sharar,LB,2026,2026,6,183
4890373,Bauer Sharp,TE,2026,2026,6,185
3125354,Hunter Sharp,WR,2016,,,
3121656,David Sharpe,OT,2017,2017,4,129
4872957,Raylen Sharpe,WR,2026,,,
2982828,Tajae Sharpe,WR,2016,2016,5,140
4241476,Tyrell Shavers,WR,2023,,,
2971605,Josh Shaw,CB,2015,2015,4,120
4685551,Travis Shaw,DT,2026,,,
5153056,DT Sheffield,WR,2026,,,
3925358,Kendall Sheffield,DB,2019,2019,4,111
4036597,Ty Shelby,DE,2023,,,
3057876,Brady Sheldon,LB,2017,,,
2577690,Brandon Shell,OT,2016,2016,5,158
4838693,Rodney Shelley,DB,2026,,,
3916126,Duke Shelley,CB,2019,2019,6,205
4685554,Drew Shelton,OT,2026,2026,4,112
3052180,Coleman Shelton,C,2018,,,
2578384,Danny Shelton,DT,2015,2015,1,12
4361544,Nehemiah Shelton,CB,2023,,,
3052632,R.J. Shelton,WR,2017,,,
3045278,Sojourn Shelton,CB,2017,,,
4242228,Tyler Shelvin,DT,2021,2021,4,122
4243160,Laviska Shenault Jr.,WR,2020,2020,2,42
4242526,John Shenker,TE,2023,,,
2976592,Sterling Shepard,WR,2016,2016,2,40
2515956,Austin Shepherd,OT,2015,2015,7,228
3120588,Darrius Shepherd,WR,2019,,,
2577237,JaCorey Shepherd,CB,2015,2015,6,191
4076951,Nathan Shepherd,DE,2018,2018,3,72
4335942,Dakoda Shepley,C,2020,,,
4608679,Will Sheppard,WR,2025,,,
3122168,Trent Sherfield,WR,2018,,,
4685984,Jamie Sheriff,LB,2024,,,
4243186,Will Sherman,OT,2021,2021,6,197
4361331,Jamien Sherwood,LB,2021,2021,5,146
2516203,Ronnie Shields,TE,2016,,,
2577578,Jaxon Shipley,WR,2015,,,
4431545,Will Shipley,RB,2024,2024,4,127
2976250,Brandon Shippen,WR,2016,,,
2509499,Josh Shirley,LB,2015,,,
2978281,Aziz Shittu,DE,2016,,,
3039977,Kevin Short,DB,2015,,,
4361426,Justin Shorter,TE,2023,2023,5,150
3042428,Daikiel Shorts,WR,2017,,,
4360689,Tyler Shough,QB,2025,2025,2,40
2511832,Jameill Showers,DB,2015,,,
4571557,Spencer Shrader,K,2024,,,
4036146,Caleb Shudak,K,2022,,,
3929896,Adam Shuler,DT,2020,,,
3915776,Kyle Shurmur,QB,2019,,,
3057998,Garrett Sickels,LB,2017,,,
3052357,Trent Sieg,LS,2018,,,
3057956,Zach Sieler,DE,2018,2018,7,238
2511109,Trevor Siemian,QB,2015,2015,7,250
4693337,Marques Sigle,SAF,2025,2025,5,160
2516067,Ian Silberman,G,2015,2015,6,190
3871102,David Sills,WR,2019,,,
4039243,Josh Sills,G,2022,,,
4877475,Cam'Ron Silmon-Craig,DB,2025,,,
4432764,KeeShawn Silver,DT,2026,,,
4362497,Nesta Jade Silvera,DT,2023,2023,7,231
4430478,Elijah Simmons,DL,2025,,,
4035462,Isaiah Simmons,SAF,2020,2020,1,8
2580343,Jalen Simmons,RB,2016,,,
4035369,Jeffery Simmons,DT,2019,2019,1,19
2971614,Jordan Simmons,G,2017,,,
3155134,Josh Simmons,DB,2019,,,
4569659,Josh Simmons,OT,2025,2025,1,32
2969860,Justin Simmons,FS,2016,2016,3,98
3912245,Lachavious Simmons,G,2020,2020,7,227
4035018,Tyler Simmons,TE,2020,,,
4039244,Marcus Simms,WR,2019,,,
4429071,Cody Simon,LB,2025,2025,4,115
2568060,Deon Simon,DT,2015,2015,7,223
4430482,Joshua Simon,TE,2025,,,
2578440,Jordan Simone,SAF,2017,,,
4696902,Torricelli Simpkins III,OL,2025,,,
4567225,Jaylin Simpson,CB,2024,2024,5,164
4035479,John Simpson,G,2020,2020,4,109
4430831,Trenton Simpson,LB,2023,2023,3,86
4685522,Ty Simpson,QB,2026,2026,1,13
4373030,Ben Sims,TE,2023,,,
2515957,Blake Sims,RB,2016,,,
3115314,Cam Sims,WR,2018,,,
2575171,LeShaun Sims,CB,2016,2016,5,157
3917960,Steven Sims,WR,2019,,,
3048976,Gannon Sinclair,TE,2015,,,
4040761,Devin Singletary,RB,2019,2019,3,74
2612151,Alex Singleton,LB,2015,,,
5081093,DeShon Singleton,SAF,2026,,,
4686447,J.R. Singleton,DT,2025,,,
4685555,Nicholas Singleton,RB,2026,2026,5,165
16414,Terrell Sinkfield,DB,2017,,,
3926936,Reid Sinnett,QB,2020,,,
4690923,Ben Sinnott,TE,2024,2024,2,53
4371989,Arryn Siposs,P,2020,,,
2976113,Nico Siragusa,G,2017,2017,4,122
4361101,Jackson Sirmon,LB,2024,,,
3917317,Kemah Siverand,DB,2020,,,
3145343,Deyon Sizer,DT,2019,,,
4696981,Cam Skattebo,RB,2025,2025,4,105
4428503,JL Skinner,SAF,2023,2023,6,183
4613050,Quentin Skinner,WR,2025,,,
4572380,Quincy Skinner Jr.,WR,2026,,,
3046435,Dan Skipper,OT,2017,,,
4039521,Tuzar Skipper,LB,2019,,,
4429100,Peter Skoronski,OT,2023,2023,1,11
4035656,Ben Skowronek,WR,2021,2021,7,249
3915777,Justin Skule,OT,2019,2019,6,183
2576733,Matt Skura,C,2016,,,
2516029,Chad Slade,G,2015,,,
4382475,Jacob Slade,DT,2023,,,
4876319,Jackson Slater,G,2025,2025,5,167
3055834,Pearce Slater,OT,2016,,,
4242283,Rashawn Slater,OT,2021,2021,1,13
4240612,Tedarrell Slaton,DT,2021,2021,5,173
4692628,Doneiko Slaughter,DB,2026,,,
4682506,Jake Slaughter,C,2026,2026,2,63
2516911,Tyler Slavin,WR,2016,,,
3124015,Chris Slayton,DT,2019,2019,7,245
3916945,Darius Slayton,WR,2019,2019,5,171
4038994,Sam Sloman,K,2020,2020,7,248
5153665,Cian Slone,DE,2026,,,
2972092,Kyle Sloter,QB,2017,,,
4428512,Kedon Slovis,QB,2024,,,
3124084,Joey Slye,K,2019,,,
4869461,Trey Smack,K,2026,2026,6,216
4432545,Jabari Small,RB,2024,,,
3052671,Jordan Smallwood,WR,2018,,,
3042429,Wendell Smallwood,RB,2016,2016,5,153
3041112,Tanzel Smart,DT,2017,2017,6,189
4250764,Stone Smartt,TE,2022,,,
3055912,DeAndre Smelter,WR,2015,2015,4,132
4749258,Aaron Smith,LB,2026,,,
4428532,Ainias Smith,WR,2024,2024,5,152
3895831,Andre Smith,LB,2018,2018,7,234
4685110,Anthony Smith,WR,2026,2026,7,218
4429105,Arian Smith,WR,2025,2025,4,110
5082331,Avery Smith,CB,2026,,,
3121595,Braden Smith,OT,2018,2018,2,37
4240577,Brandon Smith,WR,2021,,,
4575416,Brandon Smith,LB,2022,2022,4,120
4596602,Brashard Smith,RB,2025,2025,7,228
3701669,Cameron Smith,ILB,2019,2019,5,162
4570672,Cam Smith,CB,2023,2023,2,51
2573091,C.J. Smith,CB,2016,,,
4367835,Chris Smith,DT,2023,,,
4379413,Chris Smith II,S,2023,2023,5,170
4038565,D'Ante Smith,OT,2021,2021,4,139
2982861,D'Joun Smith,CB,2015,2015,3,65
3045199,De'Veon Smith,RB,2017,,,
4241478,DeVonta Smith,WR,2021,2021,1,10
2517248,Derron Smith,FS,2015,2015,6,197
2576395,Devin Smith,WR,2015,2015,2,37
4594449,Devonta Smith,CB,2026,,,
2582147,Donovan Smith,OT,2015,2015,2,34
2577239,Dreamius Smith,RB,2015,,,
4030924,Elerson G. Smith,LB,2021,2021,4,116
3122169,Emmanuel Smith,LB,2018,,,
4430825,EJ Smith,RB,2026,,,
3048698,Eric Smith,OT,2017,,,
4950551,Genesis Smith,SAF,2026,2026,4,131
4242459,Trey Smith,G,2021,2021,6,226
4040980,Irv Smith,TE,2019,2019,2,50
4816330,Isaiah Smith,DE,2026,,,
4581750,Jaden Smith,WR,2025,,,
3916418,Jaylen Smith,WR,2019,,,
4594277,Jaylin Smith,CB,2025,2025,3,97
3052896,Jaylon Smith,MLB,2016,2016,2,34
3929118,Jeff Smith,WR,2019,,,
3054212,Jonnu Smith,TE,2017,2017,3,100
4034957,Jordan Smith,DE,2021,2021,4,121
3915778,Josh Smith,LB,2019,,,
4044452,Kaden Smith,TE,2019,2019,6,176
4372418,Keidron Smith,DB,2023,,,
17257,Kevin Smith,WR,2015,,,
4058521,Kion Smith,OT,2021,,,
4038840,Kobe Smith,DT,2020,,,
4260223,Lecitus Smith,G,2022,2022,6,215
4431567,Maason Smith,DT,2024,2024,2,48
3054859,Maurice Smith,DB,2017,,,
4426347,Mazi Smith,DT,2023,2023,1,26
5278708,Melvin Smith Jr.,DB,2025,,,
4426331,Nolan Smith,LB,2023,2023,1,30
4869520,Octavian Smith,WR,2026,,,
2577446,Preston Smith,DE,2015,2015,2,38
4032532,Prince Smith,CB,2020,,,
4040762,Rashad Smith,LB,2020,,,
3915309,Ray Smith,DT,2019,,,
2512197,Rod Smith,RB,2015,,,
3116074,Rodney Smith,RB,2020,,,
3123969,Ito Smith,RB,2018,2018,4,126
3915189,Roquan Smith,ILB,2018,2018,1,8
2574666,Ryan Smith,CB,2016,2016,4,108
4035425,Saivion Smith,S,2020,,,
3911878,Sean Smith,P,2019,,,
2981212,Shane Smith,FB,2017,,,
4259499,Shi Smith,WR,2021,2021,6,204
3921970,Sutton Smith,RB,2019,2019,6,175
3916917,T.J. Smith,DT,2020,,,
4360935,Terell Smith,CB,2023,2023,5,165
2576809,Terrance Smith,LB,2016,,,
2979507,Tevaun Smith,WR,2016,,,
4692033,Tim Smith,DT,2025,2025,6,190
3128451,Tre'Quan Smith,WR,2018,2018,3,91
3134448,Tremon Smith,CB,2018,2018,6,196
4428522,Tykee Smith,DB,2024,2024,3,89
4568652,Tyler Smith,OT,2022,2022,1,24
2588098,Tye Smith,CB,2015,2015,5,170
4361340,Tyreke Smith,DE,2022,2022,5,158
3155188,Vyncint Smith,WR,2018,,,
4386544,Xavier Smith,WR,2023,,,
3043168,Za'Darius Smith,DE,2015,2015,4,122
4240573,Ihmir Smith-Marsette,WR,2021,2021,5,157
4430878,Jaxon Smith-Njigba,WR,2023,2023,1,20
3120348,JuJu Smith-Schuster,WR,2017,2017,2,62
4697636,Chau Smith-Wade,CB,2024,2024,5,157
3686690,James Smith-Williams,DE,2020,2020,7,229
3892785,Fish Smithson,DB,2017,,,
3042476,Dawuane Smoot,DE,2017,2017,3,68
5208518,Charlie Smyth,K,2024,,,
3052897,Durham Smythe,TE,2018,2018,4,123
4040432,L'Jarius Sneed,CB,2020,2020,4,138
4035072,Benny Snell,RB,2019,2019,4,122
4240849,Charles Snowden,DE,2021,,,
2582398,Kevin Snyder,LB,2015,,,
4878293,Daniel Sobkowicz,WR,2026,,,
4035559,Dylan Soehner,TE,2021,,,
4031931,Josh Sokol,C,2022,,,
3121378,Matt Sokol,TE,2019,,,
2515893,Kristjan Sokoli,DT,2015,2015,6,214
4428548,Javon Solomon,LB,2024,2024,5,168
3150065,Joe Sommers,TE,2016,,,
4431570,Xavian Sorey Jr.,LB,2026,,,
4683643,Barryn Sorrell,DE,2025,2025,4,124
4367775,Colby Sorsdal,G,2023,2023,5,152
3045152,Shakir Soto,DE,2017,,,
4244826,Sidy Sow,G,2023,2023,4,117
3046428,Martrell Spaight,LB,2015,2015,5,141
2515319,Quinton Spain,G,2015,,,
4360967,Brevyn Spann-Ford,TE,2024,,,
3128740,Breeland Speaks,DE,2018,2018,2,46
2507292,Harold Spears,TE,2015,,,
4428557,Tyjae Spears,RB,2023,2023,3,81
4820584,Robert Spears-Jennings,SAF,2026,2026,7,224
4239997,Baylon Spector,LB,2022,2022,7,231
4259546,Ameer Speed,CB,2023,2023,6,214
3071353,E.J. Speed,LB,2019,2019,5,164
4428550,Omar Speights,LB,2024,,,
2976313,Noah Spence,DE,2016,2016,2,39
4243472,Cole Spencer,G,2024,,,
17463,Diontae Spencer,WR,2019,,,
2576396,Evan Spencer,WR,2015,2015,6,187
4782664,Malik Spencer,SAF,2026,,,
4035372,Marquiss Spencer,DE,2021,2021,7,253
3129446,Robert Spillane,LB,2018,,,
4426891,Isaiah Spiller,RB,2022,2022,4,123
5082312,Jacob Spomer,C,2026,,,
2979499,Jason Spriggs,OT,2016,2016,2,48
3122666,Arrion Springs,DB,2018,,,
2980073,Jeremy Sprinkle,TE,2017,2017,5,154
2576952,Nelson Spruce,WR,2016,,,
4258206,Benjamin St-Juste,CB,2021,2021,3,74
4374302,Amon-Ra St. Brown,WR,2021,2021,4,112
3932442,Equanimeous St. Brown,WR,2018,2018,6,207
3917870,Tyree St. Louis,G,2019,,,
4429142,Nazir Stackhouse,DT,2025,,,
4361194,Isaiah Stalbird,LB,2024,,,
3126489,Taylor Stallworth,DT,2018,,,
3893002,Joshua Stangby,WR,2015,,,
3126490,Donell Stanley,C,2021,,,
3915190,Jayson Stanley,DB,2019,,,
4036149,Nate Stanley,QB,2020,2020,7,244
2980153,Ronnie Stanley,OT,2016,2016,1,6
2978250,Dustin Stanton,G,2018,,,
3040499,Johnny Stanton,RB,2018,,,
4685530,Malaki Starks,SAF,2025,2025,1,27
2576446,Joel Stave,QB,2016,,,
3921964,Jordan Steckler,OT,2020,,,
4714365,Carson Steele,RB,2024,,,
4426377,Chris Steele,CB,2022,,,
3915834,Terence Steele,OT,2020,,,
4362805,Tyler Steen,OT,2023,2023,3,65
3049836,David Steinmetz,OT,2018,,,
3915252,Logan Stenberg,G,2020,2020,4,121
3929794,Simon Stepaniak,G,2020,2020,6,209
4592823,Beau Stephens,G,2026,2026,5,148
4029385,Frank Stephens,WR,2018,,,
4362489,John Stephens Jr.,TE,2023,,,
3125816,Linden Stephens,CB,2018,,,
4035824,Brandon Stephens,CB,2021,2021,3,104
2513770,Neal Sterling,TE,2015,2015,7,220
3917962,Jace Sternberger,TE,2019,2019,3,75
4362077,Caden Sterns,SAF,2021,2021,5,152
4383723,Jerreth Sterns,WR,2022,,,
3046342,Jordan Sterns,DB,2017,,,
2576365,Zach Sterup,OT,2016,,,
4043595,Kyle Steuck,C,2016,,,
5081335,Drew Stevens,K,2026,,,
4242204,JaCoby Stevens,LB,2021,2021,6,224
3791110,Tommy Stevens,QB,2020,2020,7,240
4039307,Marquez Stevenson,WR,2021,2021,6,203
4569173,Rhamondre Stevenson,RB,2021,2021,4,120
4426374,Tyrique Stevenson,CB,2023,2023,2,56
4428584,Reddy Steward,DB,2024,,,
2576504,Tony Steward,LB,2015,2015,6,188
3054860,ArDarius Stewart,WR,2017,2017,3,79
4682643,Cam'Ron Stewart,OLB,2026,,,
4002656,Dez Stewart,WR,2016,,,
4058825,Grover Stewart,DT,2017,2017,4,144
4682983,Josaiah Stewart,LB,2025,2025,3,90
3116679,M.J. Stewart,SAF,2018,2018,2,53
2978946,Orion Stewart,DB,2017,,,
4685562,Shemar Stewart,DE,2025,2025,1,17
5093062,Tre Stewart,RB,2026,,,
3120590,Easton Stick,QB,2019,2019,5,166
3892775,Jarrett Stidham,QB,2019,2019,4,133
5208977,Qwan'tez Stiggers,DB,2024,2024,5,176
4432571,Tarheeb Still,CB,2024,2024,5,137
4034861,Ben Stille,DE,2022,,,
4362225,Dante Stills,DT,2023,2023,6,213
4240599,Donovan Stiner,SAF,2021,,,
4426434,Derek Stingley Jr.,CB,2022,2022,1,3
3049339,Aaron Stinnie,G,2018,,,
3139485,Justin Stockton,RB,2018,,,
4259561,Eric Stokes,CB,2021,2021,1,29
4259606,Chris Stoll,LS,2023,,,
4034862,Jack Stoll,TE,2021,,,
4240575,Geno Stone,SAF,2020,2020,7,219
4373485,Ron Stone Jr.,DE,2026,,,
4256051,Ryan Stonehouse,P,2022,,,
4038460,Dillon Stoner,WR,2021,,,
4360282,Drake Stoops,WR,2024,,,
4260224,Jordan Stout,P,2022,2022,4,130
4565200,Upton Stout,CB,2025,2025,3,100
4426496,Cade Stover,TE,2024,2024,4,123
4431574,Eli Stowers,TE,2026,2026,2,54
3122794,Connor Strachan,LB,2021,,,
4589245,Mike Strachan,WR,2021,2021,7,229
5344782,Jack Strand,QB,2026,,,
4430539,Brenton Strange,TE,2023,2023,2,61
4051001,Cole Strange,G,2022,2022,1,29
3116726,Kentavius Street,DE,2018,2018,4,128
3040206,Chris Streveler,QB,2020,,,
3045202,Channing Stribling,CB,2017,,,
4710714,De'Zhaun Stribling,WR,2026,2026,2,33
4917439,Loren Strickland,SAF,2024,,,
4573319,Danny Striggow,DE,2025,,,
3052182,Damore'ea Stringfellow,WR,2017,,,
3919548,Justin Strnad,LB,2020,2020,5,178
3124086,Greg Stroman,CB,2018,2018,7,241
4683155,Jalen Stroman,SAF,2026,,,
4567173,Ricky Stromberg,OL,2023,2023,3,97
4361435,Carson Strong,QB,2022,,,
4568703,Dorian Strong,CB,2025,2025,6,177
3043263,Jaelen Strong,WR,2015,2015,3,70
3124052,Kevin Strong,DT,2019,,,
4249836,Pierre Strong,RB,2022,2022,4,127
4432577,C.J. Stroud,QB,2023,2023,1,2
3895843,Jason Strowbridge,DE,2020,2020,5,154
4240255,Grant Stuard,LB,2021,2021,7,259
4258207,Andrew Stueber,OT,2022,2022,7,245
4697757,Treydan Stukes,SAF,2026,2026,2,38
4635009,J. Michael Sturdivant,WR,2026,,,
4683215,Danny Stutsman,LB,2025,2025,4,112
5081807,Sonny Styles,LB,2026,2026,1,7
4432768,Lorenzo Styles Jr.,SAF,2026,2026,5,172
4431595,Kingsley Suamataia,OT,2024,2024,2,63
2979501,Nate Sudfeld,QB,2016,2016,6,187
5213029,Jay'Viar Suggs,DT,2026,,,
3124849,Chandon Sullivan,DB,2018,,,
3916127,Elijah Sullivan,LB,2021,,,
4035426,Stephen Sullivan,TE,2020,2020,7,251
3957450,Tre Sullivan,DB,2017,,,
2970017,James Summers,RB,2017,,,
3116431,Ty Summers,LB,2019,2019,7,226
3913293,Rex Sunahara,LS,2020,,,
4383409,Jalen Sundell,OT,2024,,,
3821692,Will Sunderland,CB,2020,,,
4037521,Chazz Surratt,LB,2021,2021,3,78
4240432,Sage Surratt,WR,2021,,,
4372012,Pat Surtain II,CB,2021,2021,1,9
4259608,Jonathan Sutherland,DB,2023,,,
3895869,Keaton Sutherland,G,2019,,,
3044724,Cameron Sutton,CB,2017,2017,3,94
3128429,Courtland Sutton,WR,2018,2018,2,40
5082633,Evan Svoboda,TE,2026,,,
3046704,Geoff Swaim,TE,2015,2015,7,246
2970472,Chris Swain,RB,2016,,,
4034950,Freddie Swain,WR,2020,2020,6,214
2578561,Damian Swann,CB,2015,2015,5,167
3693166,Josh Sweat,LB,2018,2018,4,130
3134690,Montez Sweat,DE,2019,2019,1,26
4428617,T'Vondre Sweat,DT,2024,2024,2,38
3122818,Tommy Sweeney,TE,2019,2019,7,228
3895830,William Sweet,OT,2019,,,
4259545,D'Andre Swift,RB,2020,2020,2,35
4240476,Tre Swilling,CB,2022,,,
4431424,Bradyn Swinson,LB,2025,2025,5,146
4362770,Messiah Swinson,TE,2024,,,
3039725,Ryan Switzer,WR,2017,2017,4,133
4240851,Ryan Swoboda,OT,2023,,,
3046705,Tyrone Swoopes,TE,2017,,,
4683129,Khordae Sydnor,DE,2026,,,
2578482,Bradley Sylve,DB,2017,,,
2574801,Junior Sylvestre,LB,2015,,,
4258620,Andre Szmyt,K,2024,,,
4242418,Jordan Ta'amu,QB,2020,,,
4880346,Michael Taaffe,SAF,2026,2026,5,158
2577113,Jack Tabb,TE,2015,,,
3115257,Teez Tabor,CB,2017,2017,2,53
4361024,Mika Tafua,DE,2022,,,
4695607,Junior Tafuna,DT,2025,,,
4241479,Tua Tagovailoa,QB,2020,2020,1,5
4258601,Myron Tagovailoa-Amosa,DE,2022,,,
4361114,Taki Taimani,DL,2024,,,
3138834,Sione Takitaki,LB,2019,2019,3,80
2219753,David Talley,LB,2017,,,
4575483,T.J. Tampa,CB,2024,2024,4,130
4240465,Derrick Tangelo,DL,2022,,,
3045136,Cordrea Tankersley,CB,2017,2017,3,97
2976623,Charles Tapper,DE,2016,2016,4,101
3122171,Arnold Tarpley,SAF,2023,,,
2517788,A.J. Tarpley,OLB,2015,,,
4567412,Michael Tarquin,OT,2025,,,
4374269,Teair Tart,DT,2020,,,
2509844,Jaquiski Tartt,S,2015,2015,2,46
5278710,Laki Tasi,NT,2025,,,
3122879,Pasoni Tasini,DT,2017,,,
3921564,Auden Tate,WR,2018,2018,7,253
4871023,Carnell Tate,WR,2026,2026,1,4
4876311,Elijah Tau-Tolliver,RB,2026,,,
3914595,Josiah Tauaefa,LB,2019,,,
4248052,Tanner Taula,TE,2023,,,
3910630,Charlie Taumoepeau,TE,2020,,,
3055105,Pita Taumoepenu,LB,2017,2017,6,202
3124587,Jahlani Tavai,LB,2019,2019,2,43
2577264,J.R. Tavai,LB,2015,,,
15245,Giorgio Tavecchio,K,2017,,,
4369835,Alontae Taylor,CB,2022,2022,2,49
4433914,Branson Taylor,OT,2025,2025,6,199
3915253,Calvin Taylor,DE,2020,,,
3915396,Darrell Taylor,DE,2020,2020,2,48
4360645,Davion Taylor,LB,2020,2020,3,103
4241011,Demetrius Taylor,DE,2022,,,
4713118,J'Mari Taylor,RB,2026,,,
4039607,J.J. Taylor,RB,2020,,,
4240434,Ja'Sir Taylor,CB,2022,2022,6,214
4361835,Jason Taylor II,SAF,2023,2023,7,234
4034961,Jawaan Taylor,OT,2019,2019,2,35
4242335,Jonathan Taylor,RB,2020,2020,2,41
2515662,Jordan Taylor,WR,2015,,,
3051320,Jullian Taylor,DT,2018,2018,7,223
4243332,Keith Taylor,CB,2021,2021,5,166
3043120,Kelvin Taylor,RB,2016,2016,6,211
2980119,Kent Taylor,TE,2017,,,
4360082,Leonard Taylor,TE,2023,,,
4431598,Leonard Taylor III,DT,2024,,,
4682789,Logan Taylor,G,2026,2026,6,202
4408988,Malik Taylor,WR,2019,,,
4808766,Mason Taylor,TE,2025,2025,2,42
4039358,Patrick Taylor,RB,2020,,,
4371946,Reese Taylor,DB,2023,,,
4431597,Roc Taylor,WR,2026,,,
3128752,Rod Taylor,G,2018,2018,7,252
3935064,Shakial Taylor,CB,2019,,,
3059760,Taywan Taylor,WR,2017,2017,3,72
4686889,Tory Taylor,P,2024,2024,4,122
3040569,Trent Taylor,WR,2017,2017,5,177
4693816,Trey Taylor,DB,2024,2024,7,223
3046343,Vincent Taylor,DT,2017,2017,6,194
4361196,Cam Taylor-Britt,CB,2022,2022,2,60
4428633,Dadrion Taylor-Demerson,SAF,2024,2024,4,104
4374301,Isaac Taylor-Stuart,CB,2022,,,
4360647,Alex Tchangam,DE,2021,,,
5123663,Isaac TeSlaa,WR,2025,2025,3,70
4361354,Master Teague,RB,2022,,,
3928936,Sam Tecklenburg,C,2020,,,
2510611,Randall Telfer,TE,2015,2015,6,198
4240615,Kadeem Telfort,OT,2023,,,
3912544,Marvell Tell,CB,2019,2019,5,144
3045474,Wyatt Teller,G,2018,2018,5,166
4361979,Luke Tenuta,OT,2022,2022,6,209
4239995,A.J. Terrell,CB,2020,2020,1,16
4870988,Avieon Terrell,CB,2026,2026,2,48
4432772,Jermaine Terry,TE,2026,,,
3115384,Sione Teuhema,LB,2019,,,
3052513,Sam Tevi,OT,2017,2017,6,190
2613168,Nate Theaker,G,2017,,,
3916214,Hunter Thedford,OT,2022,,,
2574553,Robenson Therezie,DB,2015,,,
2977656,John Theus,OT,2016,2016,5,145
4426326,Kayvon Thibodeaux,LB,2022,2022,1,5
4954445,Dillon Thieneman,SAF,2026,2026,1,25
3918008,Jacob Thieneman,DB,2019,,,
4240155,A.J. Thomas,DB,2022,,,
3042403,Ahmad Thomas,LB,2017,,,
4258209,Ambry Thomas,CB,2021,2021,3,102
4259566,Andrew Thomas,OT,2020,2020,1,4
4685596,Azareye'h Thomas,CB,2025,2025,3,73
4608378,Brayden Thomas,LB,2022,,,
4432773,Brian Thomas Jr.,WR,2024,2024,1,23
4836472,Bryan Thomas Jr.,DE,2026,,,
2573402,Cam Thomas,CB,2015,,,
4361510,Cameron Thomas,DE,2022,2022,3,87
3123045,Chad Thomas,DE,2018,2018,3,67
4360572,Charlie Thomas,LB,2023,,,
4243960,DQ Thomas,LB,2022,,,
4035505,Daniel Thomas,SAF,2020,2020,5,157
4428659,Drake Thomas,LB,2023,,,
3045206,Dymonte Thomas,DB,2017,,,
4045305,Ian Thomas,TE,2018,2018,4,101
4241404,Isaiah Thomas,DE,2022,2022,7,223
5082397,Jacob Thomas,SAF,2026,,,
3051315,Jahad Thomas,RB,2017,,,
4710865,Jakobe Thomas,SAF,2026,2026,3,98
4360561,Jaylon Thomas,OT,2023,,,
3928942,Jhaustin Thomas,DE,2017,,,
4035379,Jordan Thomas,LB,2018,2018,6,211
3917159,Josh Thomas,DB,2020,,,
4360590,Juanyeh Thomas,SAF,2022,,,
2971471,Justin Thomas,WR,2017,,,
4038843,Keir Thomas,LB,2022,,,
4034788,Kiondre Thomas,CB,2021,,,
2576280,Lawrence Thomas,FB,2016,,,
3045376,Matthew Thomas,LB,2018,,,
2976316,Michael Thomas,WR,2016,2016,2,47
3123986,Mike Thomas,WR,2016,2016,6,206
4428656,Nathan Thomas,OT,2024,2024,7,233
4718457,Noah Thomas,WR,2026,,,
3045194,Noel Thomas,WR,2017,,,
2971734,Duke Thomas,DB,2016,,,
5081927,R Mason Thomas,DE,2026,2026,2,40
3121583,Roc Thomas,RB,2018,,,
4248455,Rodney Thomas,SAF,2022,2022,7,239
3042496,Simeon Thomas,DB,2018,2018,6,188
4879561,Skyler Thomas,SAF,2026,,,
3117258,Solomon Thomas,DE,2017,2017,1,3
4363408,Starling Thomas V,CB,2023,,,
4334405,Tavierre Thomas,SAF,2018,,,
4240121,Thayer Thomas,WR,2023,,,
2513154,Todd Thomas,LB,2015,,,
4570633,Trevian Thomas,SAF,2025,,,
4428657,Wy'Kevious Thomas,DT,2025,,,
4360304,Xavier Thomas,DE,2024,2024,5,138
4036834,Zach Thomas,OT,2022,2022,6,186
4869748,Zavion Thomas,WR,2026,2026,3,89
4046353,Stantley Thomas-Oliver,CB,2020,2020,7,221
4374187,Deven Thompkins,WR,2022,,,
3121239,Alex Thompson,C,2018,,,
5150660,Anterio Thompson,DT,2026,2026,6,208
4691084,BJ Thompson,DE,2023,2023,5,166
4685553,Brenen Thompson,WR,2026,2026,4,105
4243261,Bryan Thompson,WR,2023,,,
4369838,Bryce Thompson,CB,2021,,,
2516283,Carlos Thompson,LB,2015,,,
2576327,Cedric Thompson,DB,2015,2015,5,150
3054970,Chris Thompson,WR,2017,,,
3126115,Cody Thompson,WR,2019,,,
2980120,Colin Thompson,TE,2017,,,
2976524,Corey Thompson,LB,2018,,,
2573317,Darian Thompson,DB,2016,2016,3,71
4361606,Darwin Thompson,RB,2019,2019,6,214
3859100,Deionte Thompson,SAF,2019,2019,5,139
2516344,Dylan Thompson,QB,2015,,,
4043089,Jalen Thompson,DB,2019,,,
2976184,Jason Thompson,DB,2017,,,
4259346,Josh Thompson,DB,2022,,,
4682692,Josh Thompson,G,2026,,,
2577473,Kendal Thompson,WR,2016,,,
4367040,Lorenzo Thompson,OL,2024,,,
4057659,Mark Thompson,RB,2018,,,
2577581,Mykkele Thompson,DB,2015,2015,5,144
4361382,NaJee Thompson,CB,2023,,,
4362162,SaRodorick Thompson Jr.,RB,2023,,,
2978313,Shaq Thompson,OLB,2015,2015,1,25
4036419,Skylar Thompson,QB,2022,2022,7,247
3052125,Tedric Thompson,FS,2017,2017,4,111
4036817,Trenton Thompson,DB,2022,,,
3122838,Trevion Thompson,WR,2019,,,
2514241,Tyrus Thompson,OT,2015,2015,6,185
4367178,Dorian Thompson-Robinson,QB,2023,2023,5,140
3917909,Juan Thornhill,SAF,2019,2019,2,63
4431426,Corey Thornton,CB,2025,,,
4432775,Dont'e Thornton Jr.,WR,2025,2025,4,108
2969716,Josh Thornton,CB,2017,,,
4362921,Tyquan Thornton,WR,2022,2022,2,50
4799994,Brett Thorson,P,2026,,,
3116144,Clayton Thorson,QB,2019,2019,5,167
4428678,Jamari Thrash,WR,2024,2024,5,156
3915147,Calvin Throckmorton,OT,2020,,,
2577773,Joe Thuney,G,2016,2016,3,78
3040031,Nick Thurman,DE,2019,,,
4592836,Caleb Tiernan,OT,2026,2026,3,97
3863182,Jerry Tillery,DT,2019,2019,1,28
2974712,Lenard Tillery,RB,2017,,,
4369863,Cedric Tillman,WR,2023,2023,3,74
5216101,Dondrea Tillman,LB,2024,,,
2578388,John Timu,ILB,2015,,,
4379414,Channing Tindall,LB,2022,2022,3,102
4690070,Mitchell Tinsley,WR,2023,,,
4428681,Joe Tippmann,C,2023,2023,2,43
4573697,Mason Tipton,WR,2024,,,
3119315,Jay-Tee Tiuli,DT,2019,,,
4426350,Henry To'oTo'o,LB,2023,2023,5,167
4429072,Lawrance Toafili,RB,2025,,,
3051737,Jack Tocho,CB,2017,2017,7,245
3930298,Noah Togiai,TE,2020,,,
4605488,Tanoa Togiai,G,2026,,,
4361366,Tommy Togiai,DT,2021,2021,4,132
4431603,Jay Toia,DT,2025,2025,7,217
4047529,Travis Toivonen,WR,2021,,,
4249417,Jalen Tolbert,WR,2022,2022,3,88
3843234,Kevin Toliver,DB,2018,,,
4329491,Jalen Tolliver,WR,2018,,,
3060000,Cameron Tom,C,2017,,,
4878956,Max Tomczak,WR,2026,,,
2979860,Dalvin Tomlinson,DE,2017,2017,2,55
2511973,Eric Tomlinson,TE,2015,,,
2512477,Laken Tomlinson,G,2015,2015,1,28
4427493,Tre Tomlinson,CB,2023,2023,6,182
2969262,Cole Toner,OT,2016,2016,5,170
4240600,Kadarius Toney,WR,2021,2021,1,20
4045169,Shaka Toney,DE,2021,2021,7,246
4256074,Khyiris Tonga,DT,2021,2021,7,250
4259147,Jake Tonges,TE,2022,,,
2975674,Robert Tonyan,TE,2017,,,
3931408,Casey Toohill,DE,2020,2020,7,233
4373648,Maxwell Tooley,LB,2024,,,
3117420,Najee Toran,G,2018,,,
3049779,Alek Torgersen,QB,2017,,,
4428696,O'Cyrus Torrence,G,2023,2023,2,59
4880420,Ro Torrence,DB,2024,,,
3129116,Brett Toth,G,2019,,,
2971093,Jon Toth,C,2017,,,
2971811,Abou Toure,RB,2015,,,
4027873,Samori Toure,WR,2022,2022,7,258
3040071,Keith Towbridge,TE,2017,,,
2577275,Greg Townsend,DE,2016,,,
3054971,Johnny Townsend,P,2018,2018,5,173
3915398,Tommy Townsend,P,2020,,,
4702120,Carson Towt,TE,2026,,,
4360516,Tyrone Tracy Jr.,RB,2024,2024,5,166
4431664,Dante Trader Jr.,SAF,2025,2025,5,155
2516070,Lynden Trail,LB,2015,,,
4033823,Andrew Trainer,OT,2022,,,
4244856,Austin Trammell,WR,2021,,,
3129310,Drue Tranquill,LB,2019,2019,4,130
4362648,Badara Traore,OT,2020,,,
4714379,Seydou Traore,TE,2026,2026,5,180
4432595,Ozzy Trapilo,OT,2025,2025,2,56
4034946,Kyle Trask,QB,2021,2021,2,64
3911853,Adam Trautman,TE,2020,2020,3,105
2970724,Damarius Travis,DB,2017,,,
4892240,Jalen Travis,OT,2025,2025,4,127
4360799,Jordan Travis,QB,2024,2024,5,171
3936647,Ross Travis,TE,2015,,,
4430893,Chip Trayanum,RB,2026,,,
2576449,Austin Traylor,TE,2016,,,
2574052,Joseph Treadwell,OT,2015,,,
3051889,Laquon Treadwell,WR,2016,2016,1,23
2978219,Bryce Treggs,WR,2016,,,
4360763,Brycen Tremayne,WR,2023,,,
4372780,Tommy Tremble,TE,2021,2021,3,83
2512138,Sebastian Tretola,G,2016,2016,6,193
3163365,Nate Trewyn,C,2019,,,
4428713,Bralen Trice,LB,2024,2024,3,74
4372492,Cory Trice Jr.,CB,2023,2023,7,241
4594749,Michael Trigg,TE,2026,,,
2511710,Louis Trinca-Pasat,DT,2015,,,
3065813,Zach Triner,LS,2017,,,
4575003,Keagen Trost,OT,2026,2026,3,93
4432777,Jeremiah Trotter Jr.,LB,2024,2024,5,155
4870998,Josiah Trotter,LB,2026,2026,2,46
3039707,Mitchell Trubisky,QB,2017,2017,1,2
2309428,Nick Truesdell,TE,2017,,,
3125208,Andrew Trumbetti,LB,2018,,,
4427080,Xavier Truss,G,2025,,,
4243333,Joe Tryon-Shoyinka,DE,2021,2021,1,32
3052515,Stevie Tu'ikolovatu,DT,2017,2017,7,223
3895833,Carl Tucker,TE,2021,,,
3117259,Casey Tucker,OT,2019,,,
4370363,Dalton Tucker,G,2024,,,
4012737,Marcus Tucker,WR,2016,,,
5081483,Nadame Tucker,LB,2026,,,
4430871,Sean Tucker,RB,2023,,,
4428718,Tre Tucker,WR,2023,2023,3,100
2971613,Max Tuerk,C,2016,2016,3,66
4259647,Jay Tufele,DT,2021,2021,4,106
4566154,Jaylahn Tuimoloau,DE,2025,2025,2,45
3134315,Jacob Tuioti-Mariner,LB,2018,,,
4243218,Marlon Tuipulotu,DT,2021,2021,6,189
4431442,Tuli Tuipulotu,LB,2023,2023,2,54
2520845,Davis Tull,OLB,2015,2015,5,148
4360175,Clayton Tune,QB,2023,2023,5,139
3051890,Laremy Tunsil,OT,2016,2016,1,13
4239139,James Tunstall,OT,2023,,,
2979632,Josh Tupou,DT,2017,,,
2578390,Tani Tupou,DT,2016,,,
3047512,Kemoko Turay,DE,2018,2018,2,52
4572036,DJ Turner II,CB,2023,2023,2,60
4565190,Dallas Turner,LB,2024,2024,1,17
4036211,DJ Turner,WR,2021,,,
3928461,De'Lance Turner,RB,2018,,,
3894901,Ezekiel Turner,LB,2018,,,
4693373,Jordan Turner,LB,2025,,,
4250621,Kobie Turner,DE,2023,2023,3,89
2577115,Landon Turner,G,2016,,,
3115928,Malik Turner,WR,2018,,,
4361438,Cole Turner,TE,2022,2022,5,149
4035468,Nolan Turner,DB,2022,,,
2577286,Paul Turner,WR,2016,,,
4240269,Payton Turner,DE,2021,2021,1,28
4432804,Shemar Turner,DT,2025,2025,2,62
3119996,Xavier Turner,RB,2019,,,
4360287,Delarrin Turner-Yell,SAF,2022,2022,5,152
3676833,KaVontae Turpin,WR,2022,,,
2513916,Andrew Turzilli,WR,2015,,,
3930915,Derrek Tuszka,LB,2020,2020,7,254
4882093,Bhayshul Tuten,RB,2025,2025,4,104
4248538,Michael Tutsie,SAF,2024,,,
3886601,Shy Tuttle,DT,2019,,,
4240716,Jaylen Twyman,DT,2021,2021,6,199
2512523,Will Tye,TE,2015,,,
4880281,Jordyn Tyson,WR,2026,2026,1,8
3056913,Mike Tyson,DB,2017,2017,6,187
4709392,Anthony Tyus III,RB,2025,,,
4046528,Joshua Uche,LB,2020,2020,2,60
3120502,Olisaemeka Udoh,OT,2019,2019,6,193
2987317,Jerry Ugokwe,OT,2017,,,
3052516,Leka Uhatafe,G,2018,,,
4429020,DJ Uiagalelei,QB,2025,,,
4249608,Isaac Ukwu,DE,2024,,,
4374280,Edefuan Ulofoshio,LB,2024,2024,5,160
4361511,Alama Uluave,C,2023,,,
4429166,Princely Umanmielen,LB,2025,2025,3,77
2574195,Valerian Ume-Ezeoke,C,2016,,,
2506632,Ify Umodu,WR,2015,,,
4686566,Rocco Underwood,LS,2026,,,
3933064,John Ursua,WR,2019,2019,7,236
4066109,Eyioma Uwazurike,DT,2022,2022,4,116
2575421,Arturo Uzdavinis,OT,2016,,,
4361649,Amechi Uzodinma,DB,2023,,,
2574576,C.J. Uzomah,TE,2015,2015,5,157
2978355,Destiny Vaeao,DT,2016,,,
2510605,Soma Vainuku,FB,2016,,,
2971557,Halapoulivaati Vaitai,G,2016,2016,5,164
5211218,Laekin Vakalahi,OT,2024,,,
4912274,Sione Vaki,RB,2024,2024,4,132
4695781,Nate Valcarcel,SAF,2025,,,
3051738,Marquez Valdes-Scantling,WR,2018,2018,5,174
4775220,Sebastian Valdez,DL,2025,,,
4430965,Carrington Valentine,DB,2023,2023,7,232
2974333,Vincent Valentine,DT,2016,2016,3,96
4240350,Xazavian Valladay,RB,2023,,,
3042895,Tanner Vallejo,ILB,2017,2017,6,195
2567213,Hakeem Valles,TE,2016,,,
3048702,Max Valles,OLB,2015,2015,6,179
2976151,Jeremiah Valoaga,DE,2017,,,
4239140,Ryan Van Demark,OT,2022,,,
16935,Mitchell Van Dyk,OT,2015,2014,7,226
3133487,Andrew Van Ginkel,OLB,2019,2019,5,151
4035791,Cole Van Lanen,G,2021,2021,6,214
4686906,Lukas Van Ness,LB,2023,2023,1,13
4430815,Sedrick Van Pran-Granger,C,2024,2024,5,141
5289897,Mitch Van Vooren,TE,2026,,,
4875981,Geno VanDeMark,C,2026,,,
4372070,Ben VanSumeren,RB,2023,,,
4569479,Zach VanValkenburg,LB,2022,,,
4686337,Greedy Vance,CB,2025,,,
4248036,Ezekiel Vandenburgh,LB,2023,,,
3138677,Leighton Vander Esch,OLB,2018,2018,1,19
3057863,Jason Vander Laan,TE,2016,,,
3047570,Eddie Vanderdoes,DT,2017,2017,3,88
2576399,Nick Vannett,TE,2016,2016,3,94
2969294,Tyler Varga,FB,2015,,,
4043158,T.J. Vasher,WR,2021,,,
4431453,Deuce Vaughn,RB,2023,2023,6,212
4046687,Donte Vaughn,CB,2020,,,
4430632,Joseph Vaughn,LB,2026,,,
3917612,Ke'Shawn Vaughn,RB,2020,2020,3,76
2974672,Terran Vaughn,G,2016,,,
4695609,Zemaiah Vaughn,CB,2025,,,
4035692,Tyler Vaughns,WR,2021,,,
2577145,James Vaughters,LB,2015,,,
4609783,Mose Vavao,C,2025,,,
3134362,Vita Vea,DT,2018,2018,1,12
4035853,Jordan Veasy,WR,2018,,,
5083530,Zelmar Vedder,CB,2026,,,
3068715,Kaare Vedvik,K,2018,,,
4569559,Devaughn Vele,WR,2024,2024,7,235
4832827,Jack Velling,TE,2026,,,
4259646,Alijah Vera-Tucker,G,2021,2021,1,14
4684636,Malik Verdon,LB,2025,,,
4261153,David Vereen,CB,2022,,,
5278709,Devin Veresuk,LB,2026,,,
4038570,Jake Verity,K,2021,,,
4571044,Seth Vernon,P,2024,,,
4578085,Jared Verse,DE,2024,2024,1,19
3044732,Kendal Vickers,DE,2018,,,
3052184,Azeem Victor,LB,2018,2018,6,216
4040628,Ben Victor,WR,2020,,,
3049987,Darius Victor,RB,2017,,,
4430968,Kimani Vidal,RB,2024,2024,6,181
4917486,Car'lin Vigers,DB,2025,,,
2971816,Nick Vigil,OLB,2016,2016,3,87
2517389,Zach Vigil,LB,2015,,,
4258210,Luiji Vilain,LB,2022,,,
4428758,Smith Vilbert,DE,2026,,,
4036651,Kindle Vildor,CB,2020,2020,5,163
4608858,Dan Villari,TE,2026,,,
4242211,Kary Vincent Jr.,CB,2021,2021,7,237
4769895,Carson Vinson,OT,2025,2025,5,141
4036448,Jalen Virgil,WR,2022,,,
4869132,Reggie Virgil,WR,2026,2026,5,143
2973647,Dee Virgin,DB,2017,,,
4066292,Mark Vital,TE,2021,,,
2974365,Danny Vitale,RB,2016,2016,6,197
3127313,Tristan Vizcaino,K,2020,,,
2980123,Justin Vogel,P,2017,,,
2512214,Brian Vogler,TE,2015,,,
4259324,Travis Vokolek,TE,2023,,,
4032479,Andrew Vollert,TE,2018,,,
4040950,Cordell Volson,G,2022,2022,4,136
3120593,Tanner Volson,C,2019,,,
4880093,Nathan Voorhis,DE,2026,,,
4243220,Andrew Vorhees,G,2023,2023,7,229
4421448,Travis Vornkahl,OT,2019,,,
4360224,Tyler Vrabel,OT,2022,,,
4372016,Jaylen Waddle,WR,2021,2021,1,6
4036152,Barrington Wade,LB,2021,,,
4420894,Christian Wade,RB,2019,,,
3050887,D'Montre Wade,DB,2018,,,
4428763,Dayton Wade,WR,2024,,,
4581189,Dillon Wade,G,2026,,,
4241995,Shaun Wade,CB,2021,2021,5,160
3050015,Colby Wadman,P,2018,,,
4248554,Spencer Waege,DE,2023,,,
2520854,Zack Wagenmann,LB,2015,,,
4685564,Aamil Wagner,OT,2026,,,
4242177,Dalton Wagner,OT,2023,,,
4572051,William Wagner,LS,2025,,,
3125280,Corliss Waitman,P,2020,,,
4370876,Matt Waletzko,OT,2022,2022,5,155
2512593,Clive Walford,TE,2015,2015,3,68
3045251,Anthony Walker,MLB,2017,2017,5,161
4592569,Arden Walker,DE,2026,,,
3915196,D'Andre Walker,OLB,2019,2019,5,168
5085355,David Walker,LB,2025,2025,4,121
3045377,DeMarcus Walker,DE,2017,2017,2,51
4831989,Deone Walker,DT,2025,2025,4,109
4696882,Devontez Walker,WR,2024,2024,4,113
5160110,Jahdae Walker,WR,2025,,,
4685597,Jalon Walker,LB,2025,2025,1,15
4379416,Quay Walker,LB,2022,2022,1,22
4430973,Johnny Walker Jr.,LB,2025,,,
3043184,Joe Walker,LB,2016,2016,7,251
4682749,Kani Walker,DB,2026,,,
4567048,Kenneth Walker III,RB,2022,2022,2,41
3915296,Michael Walker,WR,2019,,,
4243009,Mykal Walker,LB,2020,2020,4,119
3051308,PJ Walker,QB,2017,,,
4361429,Rasheed Walker,OT,2022,2022,7,249
4046605,Reggie Walker,LB,2020,,,
3042499,Tracy Walker III,DB,2018,2018,3,82
2567992,Tray Walker,CB,2015,2015,4,136
4426349,Travon Walker,DE,2022,2022,1,1
4875435,Tanner Wall,SAF,2026,,,
2577203,Aaron Wallace,LB,2016,2016,7,222
4426446,Caedan Wallace,G,2024,2024,3,68
2326150,Eric Wallace,TE,2016,,,
4699354,Harrison Wallace III,WR,2026,,,
4572371,Josh Wallace,CB,2024,,,
4035463,K'Von Wallace,SAF,2020,2020,4,127
3133440,Levi Wallace,DB,2018,,,
4683815,Trevin Wallace,LB,2024,2024,3,72
4241424,Tylan Wallace,WR,2021,2021,4,131
4035113,Tre'Vour Wallace-Simms,G,2020,,,
2576925,Darren Waller,TE,2015,2015,6,204
4682909,Justin Walley,CB,2025,2025,3,80
4241807,Garret Wallow,LB,2021,2021,5,170
4877357,Eddie Walls III,LB,2026,,,
3123857,Austin Walter,RB,2019,,,
4880219,Silas Walters,SAF,2026,,,
4040778,Brandon Walton,OT,2020,,,
2516417,L.T. Walton,DE,2015,2015,6,199
3917846,Mark Walton,RB,2018,2018,4,112
4035518,Prince Tega Wanogho,OT,2020,2020,6,210
4243545,Alex Ward,LS,2023,,,
4688380,Cam Ward,QB,2025,2025,1,1
2984056,Channing Ward,DE,2016,,,
4037361,Charvarius Ward,CB,2018,,,
3915535,Denzel Ward,CB,2018,2018,1,4
3040035,Greg Ward,WR,2017,,,
4568007,Jay Ward,SAF,2023,2023,4,134
3115914,Jihad Ward,LB,2016,2016,2,44
4039274,Jonathan Ward,RB,2020,,,
4373937,JoJo Ward,WR,2020,,,
2577023,Terron Ward,RB,2015,,,
3914553,Tim Ward,DE,2019,,,
3912551,Aca'Cedric Ware,RB,2019,,,
2981069,Jylan Ware,OT,2017,2017,7,231
3138826,Fred Warner,MLB,2018,2018,3,70
4036916,Troy Warner,SAF,2021,,,
4240723,Carter Warren,OT,2023,2023,4,120
3929855,Chris Warren,RB,2018,,,
4569987,Jaylen Warren,RB,2022,,,
4885455,Gareth Warren,OT,2025,,,
4239083,Mike Warren,RB,2020,,,
4431459,Tyler Warren,TE,2025,2025,1,14
3933327,Kahale Warring,TE,2019,2019,3,86
4035173,Nigel Warrior,DB,2020,,,
2976317,Adolphus Washington,DT,2016,2016,3,80
4362492,Ar'Darius Washington,SAF,2021,,,
3915837,Broderick Washington,DT,2020,2020,5,170
4248425,Carlos Washington,RB,2023,,,
4428796,Casey Washington,WR,2024,2024,6,187
2579163,Charles Washington,DB,2016,,,
4432620,Parker Washington,WR,2023,2023,6,185
4430802,Darnell Washington,TE,2023,2023,3,93
2577654,DeAndre Washington,RB,2016,2016,5,143
3002265,Dwayne Washington,RB,2016,2016,7,236
3122449,James Washington,WR,2018,2018,2,60
3929920,Keith Washington,CB,2020,,,
4569603,Malik Washington,WR,2024,2024,6,184
4248822,Montrell Washington,WR,2022,2022,5,162
4599160,Trey Washington,SAF,2025,,,
4565320,Savion Washington,OT,2025,,,
3919557,Scotty Washington,TE,2020,,,
3051815,Shaan Washington,LB,2017,,,
4567506,Tahj Washington,WR,2024,2024,7,241
2517002,Tony Washington,OLB,2015,,,
4709014,Zion Washington,SAF,2026,,,
2969976,Herb Waters,CB,2016,,,
4428803,Jordan Waters,RB,2026,,,
2577807,David Watford,WR,2016,,,
4363409,Austin Watkins Jr.,WR,2021,,,
2977681,Carlos Watkins,DE,2017,2017,4,142
4431466,Jordan Watkins,WR,2025,2025,4,138
4050373,Quez Watkins,WR,2020,2020,6,200
4361604,Blake Watson,RB,2024,,,
4248528,Christian Watson,WR,2022,2022,2,34
3122840,Deshaun Watson,QB,2017,2017,1,12
4431607,Desmond Watson,DT,2025,,,
4697639,Jaylen Watson,CB,2022,2022,7,243
3124520,Josh Watson,LB,2019,,,
3118892,Justin Watson,WR,2018,2018,5,144
4570018,Leroy Watson IV,OT,2022,,,
4362895,Nathaniel Watson,LB,2024,2024,6,206
2581598,Terrell Watson,RB,2015,,,
4685784,Tre Watson,TE,2025,,,
2576450,Derek Watt,FB,2016,2016,6,198
3045282,T.J. Watt,OLB,2017,2017,1,30
4039018,Luke Wattenberg,C,2022,2022,5,171
3122136,Armani Watts,DB,2018,2018,4,124
3128685,Armon Watts,DT,2019,2019,6,190
4569016,Eric Watts,DE,2024,,,
4373706,Markees Watts,LB,2023,,,
4685037,Duece Watts,WR,2023,,,
4685092,Ryan Watts,DB,2024,2024,6,195
4431005,Xavier Watts,SAF,2025,2025,3,96
4431467,Marlowe Wax,LB,2025,,,
4574105,Isas Waxter,DB,2025,,,
4249426,Jalen Wayne,WR,2024,,,
4430681,Jared Wayne,WR,2023,,,
2576283,Trae Waynes,CB,2015,2015,1,11
3045164,Jester Weah,WR,2018,,,
4426535,Theo Wease Jr.,WR,2025,,,
4244299,Sterling Weatherford,LB,2022,,,
2972362,Stephen Weatherly,DE,2016,2016,7,227
3844004,Toby Weathersby,OT,2018,,,
4878824,Da'Metrius Weatherspoon,OT,2026,,,
4048257,Curtis Weaver,DE,2020,2020,5,164
4035875,Evan Weaver,LB,2020,2020,6,202
4037444,Isaac Weaver,C,2022,,,
4036076,Rashad Weaver,LB,2021,2021,4,135
4428811,Xavier Weaver,WR,2024,,,
3121433,Damon Webb,DB,2018,,,
3052600,Davis Webb,QB,2017,2017,3,87
4572655,Jeremiah Webb,WR,2025,,,
4039919,Marcus Webb,DT,2021,,,
4259570,Mark Webb,SAF,2021,2021,7,241
4032247,Raleigh Webb,WR,2022,,,
3051762,Ralph Webb,RB,2018,,,
4426336,Clay Webb,G,2025,,,
4700660,Sam Webb,CB,2022,,,
5152226,Terry Webb,DT,2026,,,
3915536,Mike Weber,RB,2019,2019,7,218
3128743,Ken Webster,DB,2019,2019,7,252
3119317,Nsimba Webster,WR,2019,,,
4430812,Trey Wedig,OT,2025,,,
4242545,Connor Wedington,WR,2021,,,
4587724,West Weeks,LB,2026,,,
2465679,Brandon Wegher,RB,2015,,,
4036153,Kristian Welch,LB,2020,,,
4430684,Treyton Welch,TE,2024,,,
4696062,Antwane Wells Jr.,WR,2025,,,
3047536,David Wells,TE,2018,,,
2574866,Ian Wells,CB,2016,,,
2516295,Matt Wells,LB,2015,2015,6,178
4372098,Julius Welschof,LB,2024,,,
2573079,Carson Wentz,QB,2016,2016,1,2
4613132,Levi Wentz,WR,2026,,,
4241993,Pete Werner,LB,2021,2021,2,60
5344965,Joshua Weru,LB,2026,,,
4039253,Trevon Wesco,TE,2019,2019,4,121
3121110,Alex Wesley,WR,2019,,,
4043161,Antoine Wesley,WR,2019,,,
4256055,Barry Wesley,OT,2023,,,
3053814,De'Ondre Wesley,OT,2015,,,
4686308,CJ West,DT,2025,2025,4,113
4685609,Tyre West,DT,2026,2026,7,222
3892889,Dede Westbrook,WR,2017,2017,4,110
2578588,Tevin Westbrook,TE,2015,,,
3929785,Nick Westbrook-Ikhine,WR,2020,,,
4690143,LaJohntay Wester,WR,2025,2025,6,203
4002060,Leonard Wester,OT,2016,,,
2574570,Christian Westerman,G,2016,2016,5,161
4030926,Isaiah Weston,WR,2022,,,
4567416,Ja'Markis Weston,LB,2025,,,
4361100,Jack Westover,TE,2024,,,
3915255,Chris Westry,CB,2019,,,
5081338,Kaden Wetjen,WR,2026,2026,4,121
3127378,Isaiah Wharton,DB,2019,,,
4058925,Tershawn Wharton,DE,2020,,,
4689333,Tyrus Wheat,LB,2023,,,
3929922,Tyrone Wheatley Jr.,OT,2021,,,
4566384,Zakee Wheatley,SAF,2026,2026,5,151
2971615,Chad Wheeler,OT,2017,,,
4579554,Ian Wheeler,RB,2024,,,
4248789,Daniel Whelan,P,2023,,,
5123408,Andrew Whitaker,CB,2023,,,
4241983,Cody White,WR,2020,,,
4360289,DaShaun White,LB,2024,,,
2971478,D.J. White,CB,2016,2016,6,178
5089537,David White Jr.,WR,2024,,,
2515962,DeAndrew White,WR,2015,,,
4035434,Devin White,LB,2019,2019,1,5
4258603,Drew White,LB,2022,,,
3921709,Javin White,DB,2020,,,
4243493,Keion White,DE,2023,2023,2,46
4039254,Kyzir White,OLB,2018,2018,4,119
3045378,Marquez White,CB,2017,2017,6,216
3051381,Mike White,QB,2018,2018,5,171
3126080,Papi White,WR,2019,,,
4361919,Quavian White,CB,2023,,,
4697815,Rachaad White,RB,2022,2022,3,91
3121225,Reggie White Jr.,WR,2019,,,
4431479,Ricky White III,WR,2025,2025,7,238
17286,Ryan White,DB,2016,,,
3915403,Tim White,WR,2017,,,
3042717,Tre'Davious White,CB,2017,2017,1,27
4240032,ZaQuandre White,RB,2022,,,
4361777,Zamir White,RB,2022,2022,4,122
2577346,Cody Whitehair,G,2016,2016,2,56
2574557,Jermaine Whitehead,DB,2015,,,
3895798,Jordan Whitehead,FS,2018,2018,4,117
3052735,Lucky Whitehead,WR,2015,,,
4362018,Blake Whiteheart,TE,2023,,,
5143915,Nick Whiteside,DB,2023,,,
3045379,Kermit Whitfield,WR,2017,,,
4247722,Benton Whitley,DE,2022,,,
3894883,Isaac Whitney,WR,2017,,,
3821572,Jace Whittaker,CB,2020,,,
4569382,Jordan Whittington,WR,2024,2024,6,213
4432631,Noah Whittington,RB,2026,,,
4360086,Josh Whyle,TE,2023,2023,5,147
3919104,Kerrith Whyte,RB,2019,2019,7,222
2517252,Cody Wichmann,G,2015,2015,6,215
2982151,Cole Wick,TE,2016,,,
3676003,JoJo Wicker,DT,2018,,,
4428850,Dontayvion Wicks,WR,2023,2023,5,159
4705711,Leander Wiegand,OT,2025,,,
3894852,Nate Wieting,TE,2020,,,
4044064,James Wiggins,SAF,2021,2021,7,243
4601278,Nate Wiggins,CB,2024,2024,1,30
4385438,Sam Wiglusz,WR,2024,,,
4361650,Ray Wilborn,LB,2020,,,
4046652,Chris Wilcox,CB,2021,2021,7,251
3923392,Mitchell Wilcox,TE,2020,,,
4372560,Rachad Wildgoose,CB,2021,2021,6,213
2577692,Brandon Wilds,RB,2016,,,
2576240,Matt Wile,P,2016,,,
4035300,Chuck Wiley,OLB,2022,,,
4430723,Jared Wiley,TE,2024,2024,4,131
4569156,Michael Wiley,RB,2024,,,
3910176,Kristian Wilkerson,WR,2020,,,
3728266,Christian Wilkins,DT,2019,2019,1,13
3051891,Jordan Wilkins,RB,2018,2018,5,169
3127379,Kevin Wilkins,DE,2019,,,
3128814,Manny Wilkins,QB,2019,,,
3139613,Mazzi Wilkins,CB,2019,,,
3059839,Elijah Wilkinson,OT,2017,,,
3929833,Kenny Willekes,DE,2020,2020,7,225
5278102,Aiden Williams,OT,2025,,,
4361346,Alex Williams,DE,2025,,,
4035437,Greedy Williams,CB,2019,2019,2,46
4360326,Pooka Williams Jr.,RB,2021,,,
4040629,Antonio Williams,RB,2020,,,
5081432,Antonio Williams,WR,2026,2026,3,71
4361942,Trill Williams,DB,2021,,,
4048259,Avery Williams,RB,2021,2021,5,183
2972286,Brandon Williams,CB,2016,2016,3,92
2981998,Bryce Williams,TE,2016,,,
4368630,Bucky Williams,C,2024,,,
4431611,Caleb Williams,QB,2024,2024,1,1
4685590,Cameron Williams,OT,2025,2025,6,207
3066052,Chad Williams,WR,2017,2017,3,98
4360854,Chase Williams,DB,2024,,,
4034530,Chris Williams,DT,2020,,,
5085024,C.J. Williams,WR,2026,2026,6,203
3821577,Connor Williams,C,2018,2018,2,50
3115315,Duke Williams,WR,2019,,,
4567216,D.J. Williams,RB,2024,,,
4567480,Pepe Williams,CB,2022,2022,4,141
4685582,Damonic Williams,DT,2026,,,
3060347,Daniel Williams,WR,2017,,,
4239833,Darious Williams,CB,2018,,,
3115375,Darrel Williams,RB,2018,,,
2577503,Darrell Williams,OT,2015,,,
2573414,Darrell Williams,OT,2017,,,
3916937,Darrell Williams,LB,2019,,,
3917290,Darryl Williams,C,2020,,,
2514244,Daryl Williams,OT,2015,2015,4,102
3048924,Dave Williams,RB,2018,2018,7,226
2576508,DeShawn Williams,DE,2015,,,
5081362,Dee Williams,CB,2024,,,
3932449,Dexter Williams,RB,2019,2019,6,194
2578446,Dom Williams,WR,2016,,,
4568624,Dorian Williams,LB,2023,2023,3,91
4686093,E.J. Williams Jr.,WR,2026,,,
2469745,Ed Williams,WR,2015,,,
4696782,Elijah Williams,DE,2025,,,
4428863,Evan Williams,SAF,2024,2024,4,111
2576421,Frankie Williams,CB,2016,,,
4568506,Garrett Williams,CB,2023,2023,3,72
2574302,Isaiah Williams,OT,2016,,,
4569371,Isaiah Williams,WR,2024,,,
2576049,Ishaq Williams,DE,2016,,,
2980453,Jamaal Williams,RB,2017,2017,4,134
3059733,Jimmy Williams,WR,2018,,,
4431613,James Williams,LB,2024,2024,7,242
4426388,Jameson Williams,WR,2022,2022,1,12
3911073,Jarren Williams,CB,2020,,,
3914628,Jarrid Williams,OT,2022,,,
3040644,Jarveon Williams,RB,2017,,,
4361579,Javonte Williams,RB,2021,2021,2,35
4709718,Jayden Williams,OT,2026,2026,7,217
4371954,Jaylin Williams,DB,2023,,,
4035286,Joejuan Williams,CB,2019,2019,2,45
2312707,John Williams,G,2025,2025,7,250
4040726,Jonah Williams,OT,2019,2019,1,11
4032481,Jonah Williams,DE,2020,,,
2980077,Jonathan Williams,RB,2016,2016,5,156
2577718,Jordan Williams,LB,2015,,,
3912576,Joe Williams,RB,2017,2017,4,121
4568024,Josh Williams,RB,2025,,,
4917635,Joshua Williams,CB,2022,2022,4,135
3921645,Julian Williams,WR,2018,,,
2576817,Karlos Williams,RB,2015,2015,5,155
2578394,Kasen Williams,WR,2015,,,
4570738,Ke'Shawn Williams,WR,2025,,,
2977661,P.J. Williams,S,2015,2015,3,78
4428886,Kristian Williams,DT,2025,,,
4613202,Kyle Williams,WR,2025,2025,3,69
4430737,Kyren Williams,RB,2022,2022,5,164
4361948,Lakiem Williams,LB,2021,,,
2567868,Antwione Williams,LB,2016,2016,5,169
2971622,Leonard Williams,DE,2015,2015,1,6
3122882,Marcus Williams,FS,2017,2017,2,42
4431618,Mario Williams,WR,2026,,,
2985288,Marquez Williams,FB,2017,2017,7,240
2970726,Maxx Williams,TE,2015,2015,2,55
3045138,Mike Williams,WR,2017,2017,1,7
4239699,Milton Williams,DT,2021,2021,3,73
4685623,Mykel Williams,DE,2025,2025,1,11
4610705,Nohl Williams,CB,2025,2025,3,85
3915399,Preston Williams,WR,2019,,,
3110565,Quincy Williams,LB,2019,2019,3,98
4040982,Quinnen Williams,DT,2019,2019,1,3
3929834,Raequan Williams,DT,2020,,,
4038430,Rodarius Williams,CB,2021,2021,6,201
4567242,Sam Williams,LB,2022,2022,2,56
4431487,Savion Williams,WR,2025,2025,3,87
4371974,Seth Williams,WR,2021,2021,6,219
4039283,Terrell Williams,DB,2018,,,
2511658,Terry Williams,DT,2015,,,
3054862,Tim Williams,LB,2017,2017,3,78
4035222,Trayveon Williams,RB,2019,2019,6,182
2979605,Trevor Williams,CB,2016,,,
2972282,Trey Williams,RB,2015,,,
3895827,Ty'Son Williams,RB,2020,,,
4431615,Tyleik Williams,DT,2025,2025,1,28
2587819,Tyrell Williams,WR,2015,,,
3933497,Wendall Williams,WR,2016,,,
4832922,Wesley Williams,DE,2026,2026,4,119
5099542,Wydett Williams Jr.,SAF,2026,,,
2508191,Xavier Williams,NT,2015,,,
2972065,Jordan Williams-Lambert,WR,2016,,,
2577803,Andrew Williamson,DB,2016,,,
3915122,Chris Williamson,CB,2020,2020,7,247
4360745,Kendall Williamson,SAF,2023,2023,7,258
3040137,Derrick Willies,WR,2018,,,
4880362,Reid Williford,LB,2026,,,
4360290,Brayden Willis,TE,2023,2023,7,247
4565779,Carver Willis,OT,2026,2026,4,127
4241723,Damion Willis,WR,2019,,,
3115258,Gerald Willis,DT,2019,,,
3052434,Jordan Willis,DE,2017,2017,3,73
3929835,Khari Willis,S,2019,2019,4,109
4242512,Malik Willis,QB,2022,2022,3,86
3917958,Ryan Willis,QB,2021,,,
4027908,Marcus Willoughby,DE,2020,,,
4241482,Jedrick Wills,OT,2020,2020,1,10
2982632,Brandon Wilson,DB,2017,2017,6,207
3932936,Caleb Wilson,TE,2019,2019,7,254
4036335,Cedrick Wilson Jr.,WR,2018,2018,6,208
4568713,Chase Wilson,LB,2026,,,
3040207,Damien Wilson,OLB,2015,2015,4,127
4697761,Dion Wilson,DT,2026,,,
4361779,Divaad Wilson,CB,2023,,,
3122135,Donovan Wilson,SAF,2019,2019,6,213
4887558,Emanuel Wilson,RB,2023,,,
3056916,Eric Wilson,LB,2017,,,
4569618,Garrett Wilson,WR,2022,2022,1,10
3126176,Howard Wilson,CB,2017,2017,4,126
4259568,Isaiah Wilson,OT,2020,2020,1,29
2517081,Jack Wilson,OT,2024,,,
4599198,Jared Wilson,C,2025,2025,3,95
2970661,Jarrod Wilson,FS,2016,,,
3122976,Jeff Wilson,RB,2018,,,
3045380,Bobo Wilson,WR,2017,,,
4362570,Joel Wilson,TE,2023,,,
4686104,Johnny Wilson,WR,2024,2024,6,185
2514245,Julian Wilson,CB,2015,,,
5096863,Kole Wilson,WR,2026,,,
4036493,Kyle Wilson,LB,2018,,,
3918330,Logan Wilson,LB,2020,2020,3,65
4040983,Mack Wilson,LB,2019,2019,5,155
4240595,Marco Wilson,CB,2021,2021,4,136
4240029,Marvin Wilson,DT,2021,,,
4360761,Michael Wilson,WR,2023,2023,3,94
4361652,Payton Wilson,LB,2024,2024,3,98
3121660,Quincy Wilson,CB,2017,2017,2,46
2578565,Ramik Wilson,ILB,2015,2015,4,118
4431492,Roman Wilson,WR,2024,2024,3,84
3116563,Shaun Wilson,RB,2018,,,
2519217,Torrian Wilson,G,2015,,,
2971668,Travis Wilson,TE,2017,,,
4372533,Tyree Wilson,DE,2023,2023,1,7
4613029,Riley Wilson,LB,2026,,,
4361259,Zach Wilson,QB,2021,2021,1,2
4872850,Zion Wilson,DT,2026,,,
4035019,Javon Wims,WR,2018,2018,7,224
3042693,Anthony Winbush,LB,2018,,,
16665,James Winchester,LS,2015,,,
4428909,Jacoby Windmon,LB,2024,,,
3929658,Rob Windsor,DT,2020,2020,6,193
4034790,Antoine Winfield Jr.,SAF,2020,2020,2,45
3128317,Juwann Winfree,WR,2019,2019,6,187
4686470,Perrion Winfrey,DT,2022,2022,4,108
3918331,Andrew Wingard,SAF,2019,,,
5082352,DJ Wingfield,G,2026,,,
4586333,Mekhi Wingo,DT,2024,2024,6,189
4250970,Dresser Winn,QB,2023,,,
3115974,Chase Winovich,DE,2019,2019,3,77
3045166,Ryan Winslow,P,2019,,,
4247942,Isaiah Winstead,WR,2023,,,
4245174,Easop Winston,WR,2021,,,
2969939,Jameis Winston,QB,2015,2015,1,1
4685617,Kevin Winston Jr.,SAF,2025,2025,3,82
3128853,Anthony Wint,LB,2018,,,
4428914,Dee Winters,LB,2023,2023,6,216
4240589,Tristan Wirfs,OT,2020,2020,1,13
4035542,Steven Wirtel,LS,2020,,,
4428917,Rashad Wisdom,SAF,2024,,,
3133368,Daniel Wise,DT,2019,,,
2980080,Deatrich Wise,DE,2017,2017,4,131
4035685,Mitch Wishnowsky,P,2019,2019,4,110
4693345,Cole Wisniewski,SAF,2026,2026,7,244
4682915,DJ Withers,DT,2026,,,
4575431,Devon Witherspoon,CB,2023,2023,1,5
3122630,Ahkello Witherspoon,CB,2017,2017,3,66
5140684,Jake Witt,OT,2023,2023,7,236
4035020,Charlie Woerner,TE,2020,2020,6,190
4432789,Hunter Wohler,SAF,2025,2025,7,232
3915400,Eli Wolf,TE,2020,,,
3115360,Ethan Wolf,TE,2018,,,
3124092,John Wolford,QB,2019,,,
4433930,Alex Wollschlaeger,OT,2026,,,
4280416,Samuel Womack,CB,2022,2022,5,172
4038849,D.J. Wonnum,LB,2020,2020,4,117
4872841,Julius Wood,SAF,2024,,,
2575788,Zach Wood,LS,2017,,,
4685637,Jackson Woodard,LB,2025,,,
2567970,Jonathan Woodard,DE,2016,2016,7,226
4837286,Wade Woodaz,LB,2026,2026,4,123
4567224,Colby Wooden,DE,2023,2023,4,116
2575214,Josh Woodrum,QB,2016,,,
4428932,A.J. Woods,DB,2024,,,
2577278,Antwaun Woods,DT,2016,,,
4368113,Charles Woods,CB,2024,,,
4362917,JT Woods,SAF,2022,2022,3,79
4241410,Jelani Woods,TE,2022,2022,3,73
3128303,Josh Woods,LB,2018,,,
4360174,Mike Woods,WR,2022,2022,6,202
4871063,Peter Woods,DT,2026,2026,1,29
3040572,Xavier Woods,FS,2017,2017,6,191
3042749,Logan Woodside,QB,2018,2018,7,249
4428930,Craig Woodson,SAF,2025,2025,4,106
3042370,Xavier Woodson-Luster,LB,2017,,,
4245185,Riq Woolen,CB,2022,2022,5,153
4242515,Chandler Wooten,LB,2022,,,
5084965,Isaiah World,OT,2026,,,
3051412,Chris Worley,LB,2018,,,
3042436,Daryl Worley,CB,2016,2016,3,77
2577701,Justin Worley,QB,2015,,,
2977615,Chris Wormley,NT,2017,2017,3,74
4428935,Sal Wormley,G,2025,,,
5085268,Larry Worth,LB,2026,,,
5152117,Michael Wortham,WR,2026,,,
2581319,Chandler Worthy,WR,2015,,,
3059735,Cam Worthy,WR,2015,,,
4683062,Xavier Worthy,WR,2024,2024,1,28
2575035,J.J. Worton,WR,2015,,,
3040210,Nate Wozniak,OT,2018,,,
2969901,Carlos Wray,DE,2016,,,
3128815,Renell Wren,DT,2019,2019,4,125
4570119,Alex Wright,DE,2022,2022,3,78
3917558,Brandon Wright,P,2020,,,
4242392,Brock Wright,TE,2021,,,
4431619,Ceyair Wright,CB,2026,,,
4833376,Collin Wright,CB,2026,,,
4838696,Dae'Quan Wright,TE,2026,,,
4426358,Darnell Wright,OT,2023,2023,1,10
4569995,Derek Wright,WR,2022,,,
2574579,Gabe Wright,DT,2015,2015,4,113
4044121,Isaiah Wright,WR,2020,,,
4428943,Jacardia Wright,RB,2025,,,
4428941,Javin Wright,LB,2026,,,
4682745,Jaylen Wright,RB,2024,2024,4,120
4433938,Jeremiah Wright,G,2026,2026,4,132
3128444,Matthew Wright,K,2020,,,
4570470,Nahshon Wright,CB,2021,2021,3,99
4249616,Owen Wright,RB,2023,,,
3056472,Scooby Wright,LB,2016,2016,7,250
4696043,Rejzohn Wright,DB,2023,,,
4361823,Ryan Wright,P,2022,,,
4260393,Terry Wright,WR,2019,,,
4692661,William Wright,CB,2026,,,
3126302,Willie Wright,G,2019,,,
2576478,Connor Wujciak,DT,2016,,,
4361791,Devonte Wyatt,DT,2022,2022,1,28
4428952,Jalen Wydermyer,TE,2022,,,
3042702,Andrew Wylie,G,2017,,,
2577029,Dylan Wynn,DT,2015,,,
3128713,Isaiah Wynn,G,2018,2018,1,23
3051766,Jonathan Wynn,DE,2018,,,
2578322,Shane Wynn,WR,2015,,,
4430806,Luke Wypler,C,2023,2023,6,190
3123233,Oshane Ximines,LB,2019,2019,3,95
3910229,Rock Ya-Sin,CB,2019,2019,2,34
3052470,DeAngelo Yancey,WR,2017,2017,5,175
4361088,Colson Yankoff,TE,2024,,,
2576040,Eddie Yarbrough,DE,2017,,,
4361027,Thomas Yassmin,TE,2024,,,
4240071,Russ Yeast,SAF,2022,2022,7,253
4044144,Kenny Yeboah,TE,2021,,,
3059766,Deon Yelder,TE,2018,,,
2976516,T.J. Yeldon,RB,2015,2015,2,36
3122797,Isaac Yiadom,CB,2018,2018,3,99
4428963,Cade York,K,2022,2022,4,124
4917859,Taurean York,LB,2026,,,
2971025,Avery Young,OT,2016,,,
4685720,Bryce Young,QB,2023,2023,1,1
4567123,Byron Young,DT,2023,2023,3,70
4875196,Byron Young,LB,2023,2023,3,77
4362911,Cameron Young,DT,2023,2023,4,123
4241986,Chase Young,DE,2020,2020,1,2
4372595,Christian Young,SAF,2023,,,
5092508,Colbie Young,WR,2026,2026,4,140
4428962,Craig Young,LB,2024,,,
4401805,Dareke Young,WR,2022,2022,7,233
3134310,Kenny Young,ILB,2018,2018,4,122
4035079,Landon Young,OT,2021,2021,6,206
4258604,Michael Young Jr.,WR,2022,,,
3914505,Roderick Young,DT,2019,,,
2976244,Tavon Young,CB,2016,2016,4,104
3116667,Trevon Young,DE,2018,2018,6,205
4839501,Zion Young,LB,2026,2026,2,45
3139447,Ryan Yurachek,RB,2018,,,
4433959,Ben Yurosek,TE,2025,,,
4693346,Grey Zabel,G,2025,2025,1,18
3917914,Olamide Zaccheaus,WR,2019,,,
4247590,Nick Zakelj,OT,2022,2022,6,187
2973033,Ronald Zamort,CB,2016,,,
4250360,Bailey Zappe,QB,2022,2022,4,137
4710661,Chandler Zavala,G,2023,2023,4,114
5085164,Payton Zdroik,DT,2026,,,
2521161,Zach Zenner,RB,2015,,,
4569130,Ty Zentner,P,2023,,,
2582150,Anthony Zettel,DE,2016,2016,6,202
4689088,Kilian Zierer,OT,2023,,,
3057899,Justin Zimmer,DT,2016,,,
2577030,Tyrequek Zimmerman,DB,2015,,,
4433963,Zak Zinter,G,2024,2024,3,85
3916129,Isaiah Zuber,WR,2020,,,
4431623,Trey Zuhn III,OT,2026,2026,3,91
3915123,Jabari Zuniga,DE,2020,2020,3,79
5082424,Dominic Zvada,K,2026,,,
4294520,Brandon Zylstra,WR,2018,,,
4608362,Shane Zylstra,TE,2021,,,
3056440,Gerhard de Beer,OT,2018,,,
4875381,Jordan van den Berg,DT,2026,2026,6,213
